orbital_period,planet_radius,stellar_radius,stellar_temp,label
41.688644,2.35545351,0.956122,5703.0,confirmed
41.6855,2.23,0.928,5766.0,confirmed
41.6855,2.57807,1.08,5766.0,confirmed
2.30183,1.12,0.762602,4616.52,candidate
2.302368,1.31258765,0.710995,4720.0,candidate
1.1947488,4.19,0.57,3919.0,candidate
6.178369,9.91257877,0.789478,5015.0,candidate
6.17887,8.84,0.849432,4719.28,candidate
2.71189,4.34,3.16745,6402.0,candidate
18.10549,2.09985108,1.224685,6213.0,candidate
6.7987,1.047,0.282,3648.0,confirmed
79.9999,10.2,0.508,4542.0,candidate
17.77297,26.44,1.25428,5847.0,candidate
0.99656225,32.8,0.5,3727.0,candidate
14.912381,3.55,0.65,4224.0,candidate
0.57303573,3.35,0.43,3570.0,candidate
7.9069606,3.02,0.52,3772.0,candidate
1.0829614,1.56,0.56,3875.0,candidate
0.90552205,1.52,0.5,3710.0,candidate
2.7541129,4.87,0.55,3834.0,candidate
2.75391,3.78,0.436,3918.0,candidate
50.285869,3.47,0.74,4859.0,false_positive
50.27762,209.52,10.96,5141.0,false_positive
0.21219899,1.05,0.37,3468.0,candidate
0.212194,0.77,0.26,3299.0,candidate
1.5778643,7.55,0.73,4811.0,candidate
13.0113,2.43,0.880221,5347.0,candidate
21.204739,9.11013939,1.761722,5154.0,candidate
2.519334,3.91,1.45,6283.0,false_positive
2.5194039,7.65729,1.76,6380.0,false_positive
2.5194078,7.99,1.72,7119.0,false_positive
13.383629,2.87289326,0.815235,5216.0,candidate
13.38382,2.7,0.65973,5113.71,candidate
27.47083,3.36,0.749863,4947.03,candidate
2.8268121,40.1,0.98,5736.0,candidate
0.72091,1.5,0.94,5633.0,confirmed
4.4416421,1.17,0.9,5547.0,candidate
4.441258,1.12422498,0.833852,5450.0,candidate
8.006875,2.384,0.846,5403.0,candidate
3.3643115,85.6,1.32,6240.0,candidate
13.837814,1.96,0.7,4535.0,candidate
7.7991586,1.57,0.7,4535.0,candidate
2.3330982,5.48,0.5,3726.0,candidate
2.33293,3.2,0.224,3508.0,candidate
36.762337,3.44,0.75,4932.0,candidate
19.565799,6.412,0.854,4486.0,candidate
6.3991398,1.85,0.8,5210.0,candidate
15.695142,2.028,0.625,4270.0,candidate
1.9668579,1.51,0.77,5063.0,candidate
12.726743,1.91,0.73,4767.0,candidate
0.18746328,217.0,17.27,46696.0,candidate
8.6382631,8.53,0.5,3720.0,candidate
8.63829,6.81,0.438,3960.0,candidate
8.6381,15.99,0.5,3987.0,candidate
5.7968861,24.2,0.72,4721.0,false_positive
5.79687,27.81,0.79,5192.0,false_positive
22.197992,5.34,0.4,3508.0,candidate
3.2908998,1.57,0.72,4671.0,candidate
0.877214,1.3,0.93,5820.0,confirmed
0.87724,1.565,0.98,5679.0,confirmed
0.87703,1.2,0.990833,5711.17,confirmed
0.877183,1.40575209,0.932487,5705.0,confirmed
2.8964139,2.45,0.42,3547.0,candidate
0.44433632,1.01,0.8,5208.0,candidate
0.444372,1.22,0.82,5540.0,candidate
7.28161,1.78,0.49,3742.0,candidate
7.28116,1.79,0.541438,3726.0,candidate
7.28138,17.0,0.399,3784.0,candidate
7.28131,1.9,0.51,3748.0,candidate
5.28081,10.9,3.01,6227.0,candidate
440.0,16.3,0.85,4600.0,candidate
30.0,22.8,0.89,3400.0,candidate
7.655533,2.328,0.751,5114.0,candidate
27.770388,25.1,0.71,4598.0,false_positive
27.77045,32.79,8.15,5086.0,false_positive
0.259669,0.77,0.69,4340.0,candidate
0.25967056,0.742,0.59,3982.0,candidate
35.621,1.89,0.898,5440.0,candidate
1.9611469,5.93,0.64,4166.0,candidate
1.96133691104,15.86577929,1.06738,4427.0,candidate
40.7302,7.8,0.98,5840.0,candidate
40.7362,7.28,0.85,5618.0,candidate
0.60408352,2.26,0.67,4331.0,candidate
3.52743,1.11,0.257,3624.0,candidate
3.52674,1.32,0.350987,3413.0,candidate
3.5269024,2.98,0.67,4332.0,candidate
6340.0,12.8,0.88,4800.0,candidate
9.321691,17.325,0.678,5089.0,candidate
2.0478,0.90819,0.655,4520.0,confirmed
27.24273,31.73,0.92,6166.0,false_positive
27.242912,18.8,0.9,5547.0,false_positive
1.3951513,0.879,0.32,3390.0,candidate
33.5107,2.14,0.896,5683.0,candidate
33.51569,3.83,0.71,5552.0,candidate
33.513607,2.47313225,0.857642,5628.0,candidate
33.515399,2.03,0.65,4222.0,candidate
4.1698,1.04,0.628461,5053.0,confirmed
12.339133,2.59,0.73,4751.0,candidate
2790.0,12.2,0.93,5100.0,candidate
28.2692,3.35,1.29,5631.0,candidate
28.270642,2.79,0.9,5545.0,candidate
28.271761,2.7100633,0.933556,5548.0,candidate
0.78214992,1.29,0.79,5144.0,candidate
6.4498648,2.63,0.85,5395.0,candidate
1.19478,1.65,0.235,3671.0,false_positive
1.5771832,33.4,1.94,8210.0,false_positive
1.57753,26.0,1.93,7747.0,false_positive
21.140574,31.5,1.29,6205.0,candidate
3.2923818,19.6,1.87,7824.0,candidate
6.90487,53.0,1.45,6599.0,candidate
6.9055211,33.6,1.89,6722.0,candidate
3.0459383,19.0,0.89,5529.0,candidate
3.04622,29.0,0.89,5529.0,candidate
3.238542,1.67,0.69,4446.0,candidate
3.2367,1.58,0.74,4863.0,candidate
6.2719092,60.0,1.81,7254.0,candidate
23.7782,98.0,2.09,7498.0,false_positive
3.979287,37.5,1.84,7430.0,candidate
2.1417519,86.2,1.59,6492.0,candidate
2.4343734,61.4,0.9,5568.0,candidate
1.8490876,17.3,0.96,5693.0,candidate
2.620724,11.7,1.14,6013.0,candidate
2.62077,58.0,1.4,6302.0,candidate
1.314437,3.09990986,1.472064,6009.0,candidate
1.3144014,2.78,1.23,6137.0,candidate
4.8045244,3.62,1.28,6187.0,candidate
6.479656,3.33165021,0.921539,5586.0,candidate
6.4804111,3.39,0.89,5537.0,candidate
2.8445331,65.3,1.16,6045.0,candidate
4.1376047,7.33,0.7,4581.0,candidate
0.689647,6.58,1.08,6481.0,candidate
4.1687922,16.1,1.14,6005.0,candidate
5.31937553733,19.66846395,2.36934,6350.0,candidate
12.86772,71.0,1.79,6861.0,false_positive
12.866539,22.3,1.18,6066.0,false_positive
1.8461222,19.5,1.82,7536.0,false_positive
1.84617,2.14,0.21,3252.0,false_positive
11.975818,8.43,0.28,3320.0,candidate
11.97495,256.0,3.4,5200.0,candidate
28.707623,21.2,1.03,5838.0,candidate
15.4715,9.2,1.89,5791.0,candidate
15.465691,4.13,0.76,4989.0,candidate
15.466674,16.12109089,1.231429,5807.0,candidate
3.3262396,1.16,0.33,3404.0,candidate
4.474513,8.16881084,2.221057,6081.0,candidate
4.4743465,3.06,0.81,5248.0,candidate
2.1989041,46.6,0.75,4938.0,candidate
4.1657292,1.86,0.36,3442.0,candidate
1.7359447,1.89,0.84,5354.0,candidate
1.8389349,0.837,0.58,3930.0,candidate
1.859017,64.0,2.03,6842.0,candidate
1.8590179,30.5,1.33,6244.0,candidate
540.0,5.7,0.94,5200.0,candidate
0.841202,82.0,2.31,6237.0,false_positive
0.8411257,0.884,0.66,4289.0,candidate
0.17566,3.11,1.15,6620.0,candidate
22.7984,9.0,1.37,6195.0,false_positive
1.404411,99.0,2.02,6933.0,false_positive
1.4044283,3.66,0.12,2721.0,false_positive
3.4007758,5.57,0.89,5520.0,candidate
8.2758,10.2,1.6,5926.0,false_positive
8.2766395,0.724,0.11,2586.0,false_positive
28.465633,18.4,0.96,5700.0,candidate
83830.0,12.0,0.74,4000.0,candidate
1.153886,99.0,1.8,6841.0,candidate
1.6398934,33.0,0.79,5175.0,candidate
1.486243,58.0,1.87,5991.0,false_positive
23.210585,5.7,0.81,5244.0,candidate
24.193613,30.7,0.87,5457.0,candidate
10.2236,132.0,2.04,6960.0,candidate
23.277669,32.8,0.68,4379.0,candidate
2.2,8.4,0.87,4800.0,candidate
2.6454165,9.47,0.79,5179.0,candidate
1.94297,2.571,0.436,3197.0,candidate
1.3179,55.0,1.07,5876.0,false_positive
46.40651,3.35,0.73,4812.0,candidate
16.563155,1.66,0.48,3669.0,candidate
18.357773,1.74,0.75,4937.0,candidate
4.9818921,2.66,1.04,5849.0,candidate
4.981838,2.39347065,0.978267,5774.0,candidate
4.98205,2.3,1.01,5594.0,candidate
3.3055191,1.27,0.35,3430.0,candidate
8.0241306,4.42,0.58,3939.0,false_positive
8.02415,194.0,6.1,4734.0,false_positive
11.31009,130.0,10.0,4793.0,candidate
16.63311,44.0,2.19,5700.0,candidate
16.63237,10.7,0.47,3648.0,candidate
4.377326,27.0,1.43,5928.0,false_positive
4.3772986,16.6,0.78,5102.0,false_positive
0.980414,1.58,0.66,4202.0,candidate
0.98036126,1.44,0.58,3932.0,candidate
2.4165066,0.988,0.38,3483.0,candidate
4.4984354,3.12,0.66,4309.0,candidate
2.3240489,33.4,0.78,5107.0,candidate
14.658196,1.6,0.45,3610.0,candidate
16.858,5.6,1.07,5957.0,candidate
8.1191,57.0,1.2,6040.0,candidate
16.235,11.0,1.2,6040.0,candidate
24.9922,36.0,1.2,6040.0,false_positive
27.270191,2.5,1.612,6171.0,candidate
2.475527,42.0,1.06,5962.0,candidate
2.475641,5.02277659,0.824753,5257.0,candidate
2.4756313,2.48,0.81,5239.0,candidate
17.7256773,15.4613,1.63,6010.0,candidate
17.725837,6.63,1.11,5971.0,candidate
17.72507,45.0,1.33,6189.0,candidate
54.169832,22.0,0.55,3836.0,candidate
8.050722,1.31,0.83,5502.7,confirmed
14.353438,2.159584,0.82797,5317.0,candidate
14.353347,2.19,0.79,5162.0,candidate
2.3181466,2.9,0.67,4343.0,candidate
12.4292,1.1126,0.814,5414.0,false_positive
19.44212,22.0,0.35,3864.0,false_positive
19.441899,4.15,0.11,2601.0,false_positive
0.80032756,21.3,0.61,4028.0,candidate
12.2631,1.87,0.717,5106.0,candidate
12.263354,2.16,0.76,4980.0,candidate
0.911724,1.4,1.1,5724.0,confirmed
0.9116567,1.35,0.94,5648.0,confirmed
14.641541,2.94,0.94,5648.0,confirmed
14.637,4.0,1.5,6438.0,confirmed
14.647531,2.6,1.1,5724.0,confirmed
9.3826,2.39,1.38,6377.0,candidate
9.3813402,2.86,1.39,6305.0,candidate
4.2304959,2.56,0.67,4335.0,candidate
4.1107634,1.01,0.18,2989.0,candidate
1.131316,4.6,1.32,6292.0,candidate
5.2986,1.7,0.5,4114.0,confirmed
0.35490972,1.45,0.57,3893.0,confirmed
0.354884,1.2,0.5,4114.0,confirmed
14.454495,2.21,0.7,4521.0,candidate
28.564994,2.25,0.68,4418.0,candidate
5.87672094142,8.02139241,0.807445,4111.0,candidate
5.8796123,6.5,0.62,4089.0,candidate
5.87975,3.76,0.393,4056.0,candidate
25.2768,25.0,0.52,4215.0,false_positive
3.291897,3.39,0.395,3850.0,candidate
3.2920598,4.54,0.52,3764.0,candidate
7.445026,2.2805044,0.825169,5277.0,candidate
7.4448754,2.11,0.78,5132.0,candidate
54.976021,39.1,1.41,6333.0,candidate
2.573088,34.0,2.5,5165.0,candidate
2.5730187,17.2,0.69,4488.0,candidate
0.35840528,1.92,1.04,5862.0,candidate
0.358378,1.65,0.89,5928.0,candidate
0.367453,2.55,0.95,6167.0,candidate
0.36747226,3.32,1.29,6205.0,candidate
0.367473,3.55452348,1.26302,6060.0,candidate
3.5990666,1.62,0.78,5107.0,candidate
3.59905,1.58797235,0.826124,5459.0,candidate
3.59912,1.46,0.82,5518.0,candidate
2.255436,1.0,0.25,3297.0,confirmed
0.62309386,2.52,0.65,4231.0,candidate
1.35823,1.44,0.95,5675.0,false_positive
0.4348359,1.59,0.5,3714.0,candidate
0.434827,1.62,0.5,3724.0,candidate
1.5339666,1.47,0.52,3757.0,candidate
1.53402,1.13,0.520027,3698.0,candidate
17.501662,2.63,0.73,4749.0,confirmed
17.515472,2.094,0.758,4752.0,confirmed
23.8039,12.0,0.48,4840.0,candidate
0.442094,1.16,0.77,5007.0,candidate
0.44214967,1.32,0.76,4977.0,candidate
18.415126,69.44309317,3.465887,6211.0,candidate
18.406118,5.2,1.84,6684.0,candidate
10.4404,0.6739,0.746,4893.0,candidate
27.837146,5.149,0.64,4241.0,candidate
2.2021868,56.5,0.96,5695.0,candidate
20.398071,2.57901435,0.777455,5199.0,candidate
20.398147,2.93,0.85,5399.0,candidate
17.812866,22.5,0.92,5613.0,candidate
17.81188,21.6,0.93,5554.0,candidate
2.931226,90.0,1.12,6097.0,candidate
6.3878,65.0,1.25,6668.0,false_positive
1.81449,27.0,0.92,5614.0,candidate
22.4844,79.0,1.15,6173.0,candidate
3.47323985883,16.65896453,1.56373,7406.97,candidate
3.47451,10.6,1.83,7143.0,candidate
0.369181,16.5,2.22,6020.0,candidate
6.71694,39.0,0.82,5267.0,candidate
3.951971,8.44551389,0.692034,4672.0,candidate
14.08549,21.1,1.32,5970.0,candidate
1.31559,102.0,2.3,6721.0,false_positive
0.969967,59.0,1.54,5272.0,false_positive
0.970016,6.29,0.87,5838.0,false_positive
23.9683,1.6119,1.129,5296.0,candidate
19.860476,2.08349198,0.696718,4760.0,candidate
4.72048898787,14.61863458,0.489916,3553.0,candidate
1.1489833,76.0,2.0,5137.0,false_positive
2.16595219375,2.91081826,1.30635,6194.54,candidate
4.86406,1.09,0.298809,3407.0,candidate
0.567055,16.22,1.42,7020.0,candidate
14.145239,14.86409395,2.15381,5016.0,candidate
14.14459,16.6,2.69,5011.0,candidate
2.38669,3.5,0.29,3676.0,candidate
27.353103,3.05048319,1.448467,6148.0,candidate
2.35771,3.0,0.267,3655.0,candidate
1.396291,1.89,1.02,5728.0,candidate
5.1718,0.8891,0.954,5941.0,candidate
5.7408,1.0668,0.76,5342.0,candidate
25.2208,65.0,1.41,6257.0,false_positive
0.8706763,6.52133,1.47,6121.0,false_positive
0.870775,3.97,0.88,5875.0,false_positive
0.870673,21.0,1.74,5647.0,false_positive
59.848566,10.81438298,0.983415,5738.0,candidate
59.847399221,11.75567728,1.09215,5765.3,candidate
29.12555,205.0,3.9,4936.0,false_positive
2.410271,17.3,1.51,6390.0,candidate
20.5949,1.5097,1.059,5969.0,candidate
20.600656,2.166,1.059,5969.0,candidate
0.950356,6.94,0.94,6125.0,false_positive
1.702301,19.1,1.28,6116.0,candidate
0.349935,2.18,0.76,4925.0,candidate
7.1149,0.9835,0.953,5534.0,candidate
14.643071,66.04981083,13.183733,4883.0,candidate
2.349455,15.8,1.81,7056.0,candidate
2.349515,53.42672849,5.410002,6254.0,candidate
2.3494903,14.6551,1.51,7418.5,candidate
11.55059,1.98,0.469901,3677.0,candidate
0.19785,0.72,0.469901,3677.0,candidate
3.1393667,15.9004,1.52,5653.4,candidate
3.1393226,15.43,1.5,6283.0,candidate
3.139404,16.419,1.53,5716.0,candidate
1.38521606684,6.52719853,1.451,6294.0,candidate
13.8240078,2.38171,0.71,5129.0,candidate
22.194346,3.174,1.069,5660.0,candidate
4.9898664,9.128,1.63,6242.0,candidate
0.22181,1.13,0.585409,3942.0,candidate
0.46395,0.85,0.42,3563.0,candidate
0.46395,0.84,0.491813,3720.0,candidate
4.871902,15.383,1.817,6466.0,candidate
4.8718955,14.64,1.82,6972.0,candidate
4.8740385,14.3194,1.8,6504.4,candidate
8.514184,38.298,8.384,4885.0,candidate
9.967689,2.005,1.031,5882.0,candidate
5.03207,36.70955114,3.685008,5070.0,candidate
5.176243,19.44301811,1.118972,6185.0,candidate
1.61092,0.75,0.409602,3511.0,candidate
2.17807,0.65,0.409602,3511.0,candidate
4.96883,0.67,0.409602,3511.0,candidate
4.332837,2.263,0.725,4768.0,candidate
1.1524,0.6746,1.057,5992.0,candidate
20.486455,2.762,0.371,3664.0,candidate
12.17682,2.244,0.637,4477.0,candidate
10.542179,3.123,0.916,5441.0,candidate
2.126953,1.7,0.573,4020.0,candidate
42.3822512,2.58,0.86,5568.0,candidate
41.9,2.28,0.86,5568.0,candidate
2.00745282887,7.16393472,0.490442,3449.0,candidate
3.544965,1.9,0.701,4860.0,candidate
26.0,10.48,1.57,6414.0,candidate
37.246869,23.8036385,1.475643,5445.0,candidate
5.513327,3.9,0.77,5020.0,candidate
0.53027,1.4,0.558,3880.0,candidate
23.89959501695,12.83075359,0.76962,4736.5,candidate
23.5306712,9.25,1.9,6688.0,candidate
4.894289,4.1,0.686,4440.0,candidate
12.601781,2.788,1.088,5791.0,candidate
0.769057,2.06,0.54,3832.0,candidate
2.5840753,7.01829,1.4,6119.0,false_positive
2.5844972,10.29,1.39,6471.0,false_positive
15.462807,1.266,0.919,5509.0,candidate
4.7464485,10.3209,2.26,5890.5,candidate
4.746159,12.597,2.207,5878.0,candidate
4.7464962,11.6,2.1,6486.0,candidate
8.952623,8.917,0.856,5258.0,candidate
8.658168,17.16037834,0.818973,5319.0,candidate
2.787663,2.2,0.602,3950.0,candidate
13.798845,1.665,0.68,4980.0,candidate
1.56493,2.22,0.624202,3938.0,candidate
7.5587,2.643,0.677,3974.0,candidate
25.43143,2.887,0.677,3974.0,candidate
9.562742,2.01,0.667217,4349.9,candidate
19.53405,9.82,0.460378,3316.0,candidate
1.106175,8.83310242,0.90632,5851.0,candidate
3.6079916,15.3816,1.89,5308.3,candidate
3.607981,18.3,2.253,6490.0,candidate
2.17693,7.92,0.170856,3176.0,candidate
21.169861,1.98,0.571699,4148.21,confirmed
21.169619,2.2,0.59,3880.0,confirmed
21.1701963,1.92,0.58,4057.0,confirmed
3.48928,0.91,0.682132,3742.0,false_positive
0.45220130587,7.91722863,0.633946,3739.0,candidate
11.09226,2.495,0.703,4496.0,candidate
19.640123,34.30556244,1.743843,6398.0,candidate
10.90364,2.214,0.59,3929.0,candidate
1.648932,9.6,0.46,3440.0,candidate
24.399869,18.43,1.65,6404.0,candidate
24.6237203,2.33,0.91,5650.0,candidate
3.47701708869,11.85710209,0.84127,5225.91,candidate
5.781853,1.44284081,1.383982,5739.0,candidate
19.729071,2.239,0.712,4735.0,candidate
19.491795,5.84689735,1.410092,6046.0,confirmed
19.4921473,5.50689,1.36,6128.0,confirmed
19.49221,5.76,1.39,6069.0,confirmed
19.491965,6.8,1.485,6320.0,confirmed
19.491,5.5,1.387,6019.0,confirmed
19.49213,6.12,1.38,6025.0,confirmed
1.9828041248,10.89107018,0.293047,3213.0,false_positive
29.724674,1.439,0.854,5339.0,candidate
10.55632,2.86,0.722281,4067.08,candidate
1.4835,1.41,0.317944,3200.0,false_positive
63.84825,2.86,0.731598,3973.09,candidate
8.986648,143.0368808,4.260594,5265.0,candidate
0.279258,8.41,0.62,4071.0,candidate
74.8,4.34,0.7,5044.0,candidate
2.714743,1.198,0.415,3634.0,candidate
5.169887,9.1,1.45,6830.0,candidate
5.1699026,9.23587,1.48,6283.4,candidate
4.4455436,15.8181,2.11,6355.8,candidate
4.445559,15.9,2.237,6520.0,candidate
2.783705,2.4,0.939,5890.0,candidate
9.375266,3.545,0.747,4571.0,candidate
7.1123703,1.85858,0.91,5595.7,candidate
7.112134,2.7,1.042,5800.0,candidate
3.209149,5.27465763,0.839324,5182.0,candidate
3.2092033,6.33877,0.91,5060.5,candidate
0.898216,4.02,0.82,5528.0,candidate
6.924808,8.5,0.795,5300.0,candidate
11.480611,23.562,5.415,4692.0,candidate
16.715029,3.402,0.854,5406.0,candidate
2.289363,1.48,0.8,5171.0,confirmed
5.213965,2.27,0.8,5171.0,confirmed
0.595621,0.58303133,0.863058,5338.0,candidate
2.500285,64.215,2.481,6051.0,candidate
3.746332,1.638,0.726,4395.0,candidate
24.006249,23.826,1.506,6150.0,candidate
13.484958,1.56669509,0.843263,5378.0,candidate
17.732736,23.212,1.684,5650.0,candidate
13.52475,2.27671392,0.888236,5570.0,candidate
21.379793,2.088,0.698,4722.0,candidate
2.58148,5.38,0.757718,4076.0,false_positive
14.069759,1.86705079,0.890011,5343.0,candidate
7.785227,7.72094189,1.817689,5084.0,candidate
15.28078,1.26,0.98,6004.0,confirmed
23.226001,2.24459533,0.952744,5928.0,confirmed
23.228555,2.32,0.98,6004.0,confirmed
12.346663,2.345,1.011,5685.0,candidate
0.578657,1.2,0.93,5765.0,confirmed
11.811437,2.3,0.93,5765.0,confirmed
4.35244,14.07,0.764238,4459.0,false_positive
2.85177,3.34,0.387653,3288.0,candidate
11.090822,1.818,0.989,5763.0,candidate
13.843725,6.76064604,1.641721,5465.0,candidate
0.328152,14.79153996,0.990035,5759.0,candidate
1.05459,1.29,0.533176,3445.0,candidate
1.83473,29.93,0.826606,4385.0,false_positive
5.734172,6.2,2.747,5192.0,candidate
25.86125,2.2,0.432453,3653.0,candidate
6.430383,4.309,1.054,5735.0,candidate
6.789076,1.60793495,0.978493,5758.0,candidate
18.517319,1.86157195,0.978493,5758.0,candidate
7.685505,2.084,0.703,5176.0,candidate
13.603,2.586,0.673,4684.0,confirmed
65.55,2.69,0.673,4684.0,confirmed
34.383193,2.856,0.972,5666.0,candidate
19.984217,2.846,1.753,6823.0,candidate
8.491003,2.228,0.841,5432.0,candidate
37.361973,2.74426869,1.116937,5675.0,candidate
4.68189,29.41,0.40606,3368.0,false_positive
4.68199,48.33,0.895684,4636.0,false_positive
24.748442,16.683,0.637,5803.0,candidate
12.24568,2.047,0.796,5329.0,candidate
26.939433,2.869,1.02,5716.0,candidate
12.634794,47.553,10.265,4999.0,candidate
7.535783,3.131,0.659,3990.0,candidate
6.116238,4.886,1.544,6283.0,candidate
9.668373,2.628,0.817,5368.0,candidate
9.770186,3.19260619,0.994327,5631.0,candidate
13.61358,3.39689521,0.780921,4863.0,candidate
1.11704,33.94,0.497973,3506.0,false_positive
4.637911,1.87105305,0.985113,5608.0,candidate
5.059033,1.03801946,0.623766,4455.0,candidate
5.059,1.12,0.67224,4310.0,candidate
10.99044,1.16,0.500884,3584.0,candidate
7.46475831483,11.93024915,1.15577,5357.0,candidate
4.135707,1.59980974,0.76364,4972.0,candidate
6.631247,1.35955936,0.76364,4972.0,candidate
21.521554,2.40003126,1.160188,5694.0,candidate
11.123654,1.71707978,0.820733,5310.0,candidate
14.948966,36.94985751,1.524443,6391.0,candidate
13.125244,1.67711859,0.976723,5742.0,candidate
19.679411,2.31529508,1.002168,5679.0,candidate
3.90723655504,15.34164425,1.17027,5500.0,candidate
9.761854,3.4422482,1.770928,5529.0,candidate
2.78592,14.87,0.470811,3528.0,candidate
21.587326,1.78061635,1.466377,6244.0,candidate
3.041617,8.9894717,0.873673,5250.0,candidate
8.421659,3.45758743,1.229497,5779.0,candidate
9.811589,4.253,1.882,5953.0,candidate
11.5843558517,5.49928933,1.09295,5631.0,candidate
5.0521,2.1388,1.476,6262.0,candidate
5.049068,2.594,1.476,6262.0,candidate
5.29136017752,11.52204139,1.03676,5555.0,candidate
5.292605,9.9778729,0.969695,5689.0,candidate
50.693644,8.68300668,0.792931,5220.0,candidate
50.6939885,8.48837,0.78,5216.0,candidate
0.7988525,4.00703,0.86,4785.0,candidate
7.119856,1.8797781,0.852371,5318.0,candidate
8.90003342005,15.12617706,1.0044,5854.0,candidate
2.5048178,3.9467,0.92,5328.0,candidate
3.68034,1.06218625,0.774992,5121.0,candidate
41.552934,4.15834582,0.724128,4895.0,candidate
23.607902,3.11864589,1.115157,6057.0,candidate
21.98131,197.025,22.415,4491.0,candidate
4.435717,1.32476068,0.846676,5374.0,candidate
4.7535,1.5147,1.27,5986.0,false_positive
12.092199,5.84432297,0.990979,5333.0,candidate
19.496649,2.21599278,1.155241,5758.0,candidate
2.010607,1.28,0.618,3806.0,candidate
0.36432247904,6.95273914,0.347331,3473.0,candidate
7.3274,2.1225,0.96,5197.0,false_positive
4.684559,4.757,1.184,5829.0,candidate
0.762406,0.99,0.89,5620.0,confirmed
0.70531,1.6,1.0,5499.0,confirmed
4.284523,1.30280156,0.62182,4360.0,candidate
57.1050077,5.93946,0.97,5816.0,candidate
2.65323,62.27721531,13.730692,4621.0,candidate
29.435233,2.91662791,1.199507,5785.0,candidate
0.571308,1.46,0.83,5590.0,confirmed
0.5713127,1.676,0.99,5578.0,confirmed
0.571282,1.87,0.995,5496.0,confirmed
0.571,1.712,0.981,5496.0,confirmed
0.571336,1.82,0.95,5496.0,confirmed
0.571292,1.52,0.869,5470.0,confirmed
0.571212,1.6,0.95,5613.0,confirmed
0.571299,1.66855539,0.906429,5590.0,confirmed
0.571331,1.82,0.98,5617.0,confirmed
0.571292,1.725,0.988,5532.0,confirmed
13.339746,2.70490157,0.906429,5590.0,confirmed
13.339079,2.73,0.98,5617.0,confirmed
13.341245,2.53,0.83,5590.0,confirmed
13.3387,2.77,0.95,5496.0,confirmed
13.33989,2.84,0.99,5578.0,confirmed
13.334615,2.2,0.95,5613.0,confirmed
13.3397,2.5,0.869,5470.0,confirmed
13.33918,3.01,0.995,5496.0,confirmed
13.3397,2.836,0.988,5532.0,confirmed
8.133218,2.05114626,1.080518,5966.0,candidate
3.128977,1.282,0.976,5140.0,candidate
15.35092,16.31,0.943467,5417.0,candidate
15.32811688418,16.40718966,0.943467,5417.0,candidate
15.78157905706,11.76767971,1.0,5780.0,candidate
5.20256,3.58,0.995782,5489.0,candidate
16.77217,19.29,3.88053,4898.0,false_positive
16.770556,13.24001074,2.87646,4939.0,false_positive
48.249552,17.99855135,0.956171,5792.0,candidate
25.988289,316.73370059,15.95329,4382.0,candidate
18.69646,2.35,0.764037,5212.0,candidate
12.20239,4.15,1.01169,5869.0,candidate
4.18787,1.36,0.972391,5589.98,candidate
19.57833,2.77,0.940594,5613.0,candidate
19.57572,2.84337254,0.90705,5611.0,candidate
0.844548,1.005,0.165,3109.0,candidate
11.73677,1.82,0.761077,3984.72,candidate
0.72813,1.27,0.423901,3506.0,confirmed
0.728113,1.1,0.32,3782.0,confirmed
25.58142,8.35,1.9082,5409.94,candidate
10.583942,2.72,0.874,5280.0,candidate
5.69046,18.81,1.80891,5549.0,candidate
1.055785,1.51966184,0.592773,4315.0,candidate
37.20364,5.1,0.829429,5476.0,candidate
20.84919,3.01,2.37225,9767.0,candidate
16.13655,2.02,0.995311,5886.0,confirmed
16.141132,2.332,0.999,5868.0,confirmed
16.1388,2.18,0.998,5839.0,confirmed
16.140442,2.05969274,0.975013,5870.0,confirmed
0.251647,27.97665274,0.986936,5833.0,candidate
11.67254,3.87,1.22705,5725.0,candidate
4.03692,2.24,0.735009,4861.07,candidate
4.036791,2.33800166,0.72841,4933.0,candidate
9.632039,2.279,0.697,4646.0,candidate
18.239311,3.792,0.477,4015.0,candidate
11.109675,2.462,0.657,4813.0,candidate
5.1392756,2.17365,0.71,4014.0,candidate
10.7228,1.2998,1.114,5909.0,false_positive
29.957262,8.456,0.711,4897.0,candidate
2.0507,0.4064,0.645,4514.0,false_positive
7.084267,3.848,0.765,4572.0,candidate
20.676056,3.302,0.765,4572.0,candidate
6.786539,1.2,0.975,5866.0,candidate
2.988541,3.504,1.023,5761.0,candidate
21.436032,2.486,0.467,3627.0,candidate
0.8768,8.4683,0.515,3734.0,false_positive
3.853494,6.957,0.744,4459.0,candidate
4.696045,2.57,0.782,5003.0,candidate
16.607299,2.532,0.756,4878.0,candidate
16.980197,2.705,0.879,5319.0,candidate
1.827,0.99,0.503,3949.0,candidate
1.29655,8.559,0.586,3583.0,candidate
3.379516,4.742,0.741,4940.0,candidate
1.082,2.22,0.516,3408.0,candidate
1.082361,7.158,1.721,5556.0,candidate
3.35,0.97,0.427,4408.0,candidate
9.32,1.43,0.427,4408.0,candidate
7.539949,2.511,1.205,5661.0,candidate
5.10555,10.889,1.109,4938.0,candidate
17.768404,2.787,0.763,4961.0,candidate
4.464438,6.184,1.434,5894.0,candidate
11.416439,3.034,0.451,3668.0,candidate
7.21084,2.26,1.053,5739.0,candidate
13.284219,1.233,0.124,3245.0,candidate
24.213117,0.505,0.124,3245.0,candidate
2.46564,30.186,2.497,7068.0,candidate
18.896192,1.975,0.545,4459.0,candidate
6.180235,11.780659,1.586,6202.0,confirmed
6.18026138745,13.70374653,1.73931,6513.0,confirmed
13.107894,25.768,1.081,5732.0,candidate
1.925,1.07,0.236,3067.0,candidate
21.371372,16.514,1.14,4692.0,candidate
7.098695,1.837,0.681,4857.0,candidate
4.20507412692,3.32404522,0.877822,5086.0,candidate
0.73217,1.108,0.827,4641.0,candidate
5.228352,2.282,1.272,6265.0,candidate
5.2289874,2.3513,1.28,6213.0,candidate
3.1764,0.9532,0.741,4434.0,candidate
2.419472,36.563,2.476,6830.0,candidate
6.770834,25.455,2.243,6310.0,candidate
14.616783,2.119,0.821,5174.0,candidate
3.3733,1.5839,0.779,5634.0,candidate
8.4356,2.9192,0.779,5634.0,candidate
3.09246,2.413,0.698,4051.0,candidate
20.379434,24.603,4.259,4993.0,candidate
4.420394,10.293,2.875,5943.0,candidate
1.248905,4.073,1.289,5496.0,candidate
12.505,1.673,0.975,5214.0,candidate
11.95706,2.635,0.829,5292.0,candidate
7.624,2.4551,1.29,5998.0,candidate
6.363302,2.786,0.819,4482.0,candidate
5.164157,1.006,0.627,3832.0,candidate
18.001053,3.794,1.043,5579.0,candidate
9.426901,5.543,1.427,5895.0,candidate
4.71688,3.725,0.701,4846.0,candidate
18.436944,8.002,0.853,5308.0,candidate
5.751763,2.378,0.726,4256.0,candidate
5.7519475,2.96374,0.84,4181.8,candidate
10.472764,2.354,0.726,4256.0,candidate
3.917682,5.581,0.656,4566.0,candidate
3.577501,3.3001,0.87,4642.1,candidate
3.577394,3.05,0.799,4626.0,candidate
14.390721,2.55,1.025,5872.0,candidate
9.032248,2.364,0.762,4967.0,candidate
16.100178,2.576,0.762,4967.0,candidate
2.491154,9.774,1.756,6362.0,candidate
1.754,5.06,0.608,4663.0,candidate
16.222,1.28,0.503,3852.0,candidate
2.571267,5.97,1.75,6216.0,candidate
3650.0,12.44199,2.7,4898.0,confirmed
13.071041,2.285,1.246,5937.0,candidate
28.848339,3.657,1.75,5344.0,candidate
6.695687,2.17,0.905,5320.0,candidate
27.917236,2.551,0.905,5320.0,candidate
17.818211,2.77,0.689,3878.0,candidate
5.116834,31.682,1.591,6983.0,candidate
7.522109,2.249,1.386,6356.0,candidate
18.786043,2.846,0.773,5450.0,candidate
15.320606,1.77,1.118,5819.0,candidate
7.943604,1.992,0.87,5498.0,candidate
7.815366,2.403,0.755,4884.0,candidate
19.520805,2.318,0.755,4884.0,candidate
39.57057,23.661,2.041,5166.0,candidate
11.29231,2.348,0.689,4660.0,candidate
24.481285,2.49,0.761,4861.0,candidate
10.307387,2.602,0.875,5359.0,candidate
10.205377,6.31,2.356,6332.0,candidate
23.336739,5.824,2.356,6332.0,candidate
1.696716,5.738,1.992,5289.0,candidate
31.396001,10.695,1.783,5631.0,candidate
18.277358,1.933,0.636,4280.0,candidate
28.888589,6.05,1.319,6117.0,candidate
2.228112,1.398,0.693,4355.0,candidate
3.5951,1.95,1.71,5430.0,confirmed
15.624,3.67,1.71,5430.0,confirmed
35.747,3.94,1.71,5430.0,confirmed
0.801864,1.433,0.393,3594.0,candidate
17.562214,12.272,1.619,5873.0,candidate
35.960194,2.45,0.672,4090.0,candidate
17.92,2.07,0.576,4176.0,candidate
22.122365,3.715,0.969,5393.0,candidate
6.85484645911,15.65450044,1.06192,4797.5,candidate
4.392503,1.11,0.669,4707.0,candidate
11.634988,2.605,1.096,6020.0,candidate
14.223889,21.936,1.155,5023.0,candidate
10.973135,2.67,0.697,4940.0,candidate
5.7459945,2.06081,0.32,3413.0,confirmed
5.746007,2.025,0.3073,3348.0,confirmed
5.7459982,1.9,0.3026,3395.0,confirmed
1.2089802,1.62,0.613,4269.0,confirmed
1.208957,1.75,0.651,4255.0,confirmed
1.208966,1.58,0.622,4219.0,confirmed
1.2089765,1.529,0.579,4294.0,confirmed
1.209,1.571,0.5994,4255.0,confirmed
1.2089755,1.68645,0.63,4199.0,confirmed
1.2089819,1.577,0.602,4305.0,confirmed
1.208974,1.44,0.58,4236.0,confirmed
1.2089819,1.577,0.602,4340.0,confirmed
3.648083,1.269,0.613,4269.0,confirmed
3.648095,1.201,0.579,4294.0,confirmed
3.648096,1.241,0.602,4305.0,confirmed
3.64823,1.24,0.622,4219.0,confirmed
3.6480957,1.241,0.602,4340.0,confirmed
3.64802,1.36,0.651,4255.0,confirmed
3.648103,1.13,0.58,4236.0,confirmed
6.2014698,2.022,0.602,4340.0,confirmed
6.201467,2.07,0.613,4269.0,confirmed
6.20183,1.98,0.58,4236.0,confirmed
6.20142,2.04,0.622,4219.0,confirmed
6.20147,2.022,0.602,4305.0,confirmed
6.20141,2.1,0.651,4255.0,confirmed
6.201812,1.89,0.58,4236.0,confirmed
6.20183,1.955,0.579,4294.0,confirmed
3.7999139,10.8,0.64,4171.0,confirmed
3.799847,10.581296,0.617,4390.0,confirmed
3.80001,40.0,0.68,4441.0,confirmed
3.79985358153,13.26706229,0.759375,4133.4,confirmed
3.799847,10.581296,0.617,4390.0,confirmed
2.7908821,19.1,1.8,6659.0,confirmed
2.790963,17.0,1.88,6863.0,confirmed
2.7908327,16.432394,1.428,6566.0,confirmed
2.7908327,16.432394,1.428,6566.0,confirmed
2.79082852671,16.75594879,1.4707,6635.91,confirmed
2.79083,16.92559,1.47,6566.0,confirmed
3.619188,18.03,1.54,6563.0,confirmed
3.6191634,16.667783,1.46198,5871.0,confirmed
3.6191613,16.92559,1.444,6060.0,confirmed
3.61887686846,16.6459863,1.46198,5871.0,confirmed
3.142702,7.76,1.17,6357.0,confirmed
3.142846,8.84505104,1.29462,6235.0,confirmed
3.142833,15.13215,2.21,6408.0,confirmed
4.17471430219,13.70940899,1.08854,5859.0,confirmed
4.175186,12.92,1.1,5950.0,confirmed
4.1752387,13.843115,1.155,6149.0,confirmed
1.915311,13.1414316,1.58042,5494.0,confirmed
1.9153073,11.937585,1.503,5366.0,confirmed
1.915291,13.85,1.56,5599.0,confirmed
1.9153073,11.937585,1.503,5366.0,confirmed
1.91552575756,13.74175585,1.58042,5494.0,confirmed
9.5521,2.23,1.18,6290.0,confirmed
9.55804,2.32,1.29,6277.0,confirmed
9.55385,2.4,1.281,6254.0,confirmed
9.554515,2.32948654,1.273595,6321.0,confirmed
9.55237,2.44,1.296,6327.0,confirmed
9.55288,2.4,1.269,6364.0,confirmed
21.05652,4.379,1.269,6364.0,confirmed
21.057504,4.29405386,1.273595,6321.0,confirmed
21.0576,3.95,1.18,6290.0,confirmed
21.05731,4.98,1.31,6256.0,confirmed
21.05683,4.05,1.2427,6498.0,confirmed
21.05603,4.786,1.299,6244.0,confirmed
21.05704,4.35,1.296,6327.0,confirmed
21.05788,4.31,1.29,6277.0,confirmed
21.058,4.4,1.281,6254.0,confirmed
1.62116,1.31,1.59,5799.0,confirmed
10.6413,0.91,1.147,5784.0,confirmed
36.57669,2.42,1.147,5784.0,confirmed
138.0731,2.4,1.147,5784.0,confirmed
0.959641,1.67,0.88,5261.0,confirmed
0.959641,1.7,0.872,5261.0,confirmed
0.959628,1.557,0.828,5370.0,confirmed
0.96,1.626,0.88,5261.0,confirmed
0.959641,1.7,0.86,5261.0,confirmed
0.959665,1.62377492,0.836616,5366.0,confirmed
0.959624,1.7,0.87,5528.0,confirmed
0.959632,1.574,0.835,5286.0,confirmed
0.959622,1.6,0.83,5438.0,confirmed
0.95965428,1.627,0.871,5300.0,confirmed
29.875221,2.3,0.83,5438.0,confirmed
29.84622,2.74,0.835,5286.0,confirmed
29.8454,3.01,0.86,5261.0,confirmed
29.8454,3.0,0.88,5261.0,confirmed
29.83832,2.86,0.87,5528.0,confirmed
29.8454,2.85,0.828,5370.0,confirmed
29.844982,2.83066164,0.836616,5366.0,confirmed
29.8464948,2.923,0.871,5300.0,confirmed
29.8454,3.01,0.872,5261.0,confirmed
15.611,2.884,1.22,6252.6,confirmed
15.61136332661,2.90333467,1.22568,6061.77,confirmed
15.613426,3.0,1.438,6460.0,confirmed
0.719573,1.613,1.22,5959.0,confirmed
0.71957120984,1.61084174,1.25505,5910.0,confirmed
11.8143,7.263432,1.733,5622.0,confirmed
11.8143,7.39794,1.747,5576.0,confirmed
11.81417261526,6.97249322,1.78598,5609.0,confirmed
11.81399,6.86,1.657,5499.0,confirmed
9.1205,2.46598,0.72,5089.0,confirmed
9.0949,2.53,0.716,5089.0,confirmed
9.1205,2.53,0.716,5089.0,confirmed
9.100412,2.59387,0.77,5013.7,confirmed
9.1004157,2.469,0.758,5048.0,confirmed
15.57208,2.595,1.273,6320.0,confirmed
15.5718552,2.44317,1.31,6352.33,confirmed
15.5712,2.9,1.4,6199.0,confirmed
31.6978,2.56,1.4,6199.0,confirmed
31.71802083162,2.29980485,1.30883,6352.33,confirmed
31.70603,2.727,1.273,6320.0,confirmed
156.0,3.96,1.4,6199.0,confirmed
278.3618,3.54,1.273,6320.0,confirmed
131.0,5.51,1.4,6199.0,confirmed
369.0,4.92,1.273,6320.0,confirmed
542.07975,9.2,1.273,6320.0,confirmed
324.0,10.2,1.4,6199.0,confirmed
19.307044,3.73470986,0.902012,5638.0,confirmed
19.30553,3.773,0.956,5533.0,confirmed
19.30691,3.92,0.93,5647.0,confirmed
19.307107,3.83,0.86,5454.0,confirmed
19.3037,4.37,1.08,5581.0,confirmed
19.3044,3.84,0.98,5620.0,confirmed
1.673916,3.5,1.19,6120.0,confirmed
1.6739035,3.88,1.24,5945.0,confirmed
1.67389,3.57,1.227,6044.0,confirmed
1.6739024,3.45,1.19,6120.0,confirmed
1.673833,3.59,1.22,6168.0,confirmed
1.6739029,3.44449,1.22,6115.5,confirmed
14.6762429,2.0,0.76,4927.0,confirmed
14.677214,2.19420598,0.769722,4942.0,confirmed
14.677286,2.0,0.73,4819.0,confirmed
9.915615,1.3,0.71,4695.0,confirmed
1.9741954,1.79,0.48,3712.0,confirmed
1.974238,1.96,0.492279,3546.46,confirmed
1.97419,1.9,0.48,3660.0,confirmed
8.26726,3.4,0.905,5373.0,confirmed
8.26679,3.40690334,0.908831,5475.0,confirmed
8.267704,3.37,0.91,5464.0,confirmed
8.2669589,3.44807,0.92,5411.1,confirmed
8.266902,3.59,0.95,5434.0,confirmed
8.2669928,3.59,0.97,5636.0,confirmed
3.313921,12.04276422,1.334682,6178.0,confirmed
3.31392,16.14096,1.78,6030.0,confirmed
3.313959,15.98,1.81,6061.0,confirmed
4.733999,5.33,1.76,5599.0,confirmed
4.73355750515,5.38526663,1.75896,5496.0,confirmed
4.73379,7.56448313,2.306381,5414.0,confirmed
4.73401,5.28,1.75,5474.0,confirmed
4.73401,5.28,1.75,5474.0,confirmed
39.863566,2.47,0.78,5133.0,confirmed
39.93767,7.55,5.15,5433.0,confirmed
39.8478,2.42,0.83,5264.0,confirmed
13.86387,2.56,0.71,4950.0,confirmed
13.86375,2.592,0.713,5010.0,confirmed
13.86368,2.558,0.71,4868.0,confirmed
13.86391,2.52419159,0.692198,4877.0,confirmed
13.86375,2.592,0.713,5010.0,confirmed
5.351403,1.22263837,0.922706,5741.0,confirmed
5.35161,2.09,1.17,5788.0,confirmed
5.3518,1.82,1.25,5775.0,confirmed
5.35232,1.184,0.884,5832.0,confirmed
5.35117,1.9,1.23,5730.0,confirmed
5.3518,1.82,1.25,5775.0,confirmed
5.817608,10.42437,1.047,5627.0,confirmed
5.817685,12.14,1.24,5660.0,confirmed
5.8176452,11.6459,1.22,5633.4,confirmed
11.39109,10.558878,0.828,5027.0,confirmed
11.391013,10.67,0.84,5044.0,confirmed
11.39096852897,11.19847412,0.875936,5027.0,confirmed
11.390931,10.59248676,0.832,4899.0,confirmed
11.3909311,10.44677001,0.824,4920.0,confirmed
11.3909344,10.88,0.87,5039.0,confirmed
20.2730282,10.4386,0.86,5742.0,confirmed
20.2729914,11.80305668,0.855,5870.0,confirmed
20.272615,12.06,0.88,5657.0,confirmed
20.273034,12.498035,0.881,5560.0,confirmed
4.655335,0.71889232,0.687426,4547.0,confirmed
4.6556782,0.814,0.66,4264.0,confirmed
4.655411,0.69,0.6694,4348.35,confirmed
1.29160335703,2.45117748,0.514745,3689.0,confirmed
1.2916,2.03,0.51,3778.0,confirmed
1.291563,2.03,0.513,3676.0,confirmed
1.291505,1.96,0.491598,3842.12,confirmed
5.44425,1.94,0.513,3676.0,confirmed
5.44482,2.03,0.491598,3842.12,confirmed
5.444017,2.06,0.51,3778.0,confirmed
50.92092,2.54,0.734626,4726.29,confirmed
7.728578,2.29,0.679343,4752.8,confirmed
7.727283,2.53,0.71,4740.0,confirmed
8.28176,2.72,1.31,6177.0,confirmed
8.28212,2.33,1.01,5800.0,confirmed
8.2824161,2.14,0.92,5615.0,confirmed
8.282455,2.18823473,1.005112,5663.0,confirmed
8.28246,2.44,1.117,5672.0,confirmed
5.185759,7.64369371,0.686484,4695.0,confirmed
5.185738,7.16,0.675,4526.0,confirmed
5.185754,9.12,0.768,4471.38,confirmed
5.185768,7.50399,0.65,4664.8,confirmed
5.1857539,7.52,0.67,4690.0,confirmed
5.185761,7.5,0.68,4551.0,confirmed
2.2193023,1.16,0.59,4009.0,confirmed
2.219315,1.22,0.612,3903.0,confirmed
2.219405,1.28,0.590802,3993.36,confirmed
2.219282,1.21,0.6,4027.0,confirmed
30.954222,2.5,0.598,4040.0,confirmed
30.9542,2.66,0.592,3880.0,confirmed
30.956763,2.65,0.571015,4075.67,confirmed
30.951524,2.76,0.59,4035.0,confirmed
6.413766,3.03,0.41,3560.0,confirmed
6.413539,2.64,0.344292,3560.7,confirmed
6.414008,2.9,0.394,3620.0,confirmed
6.413651,2.9,0.388,3570.0,confirmed
21.750264,2.18,0.402049,3654.47,confirmed
7.385655,1.97,0.65,4339.0,confirmed
7.387066,1.79540442,0.588892,4396.0,confirmed
7.387073,1.84,0.62115,4367.83,confirmed
3.588163,8.37,0.66,4575.0,confirmed
3.588165,8.66,0.676994,4387.84,confirmed
3.5868547125,11.43763082,0.980071,5036.0,confirmed
5.675819,1.42,0.777569,4469.51,confirmed
5.675814,1.20312295,0.650657,4621.0,confirmed
8.239493,1.04,0.36001,3459.09,confirmed
40.0603,2.7,1.09,5727.0,confirmed
39.91488,1.89,0.78,5698.0,confirmed
40.062771,2.29,0.88,5508.0,confirmed
2.494161,1.06180894,0.64361,4528.0,confirmed
2.49412,1.25,0.744261,4356.47,confirmed
0.369,1.651,0.744,5200.0,confirmed
0.369311,1.76156914,0.765322,5113.0,confirmed
0.3693038,1.81,0.81,5200.0,confirmed
0.36930571984,2.13418186,0.755722,5129.0,confirmed
0.369311,1.5,0.81,5200.0,confirmed
0.36931,1.7,0.75,5245.0,confirmed
0.3693038,1.69,0.7595,5120.0,confirmed
9.173866,6.86473931,2.162531,5035.0,confirmed
9.1720535,9.02881,3.79,4933.0,confirmed
9.1751,14.5717,3.85,4840.0,confirmed
9.1708,12.206601,4.11,4878.0,confirmed
3.07133,1.34,0.455,3655.0,confirmed
3.0712,1.31,0.47,3655.0,confirmed
4.8682,1.48,0.47,3655.0,confirmed
4.86784,1.603,0.455,3655.0,confirmed
11.0234,2.02,0.47,3655.0,confirmed
11.0248821,2.46843,0.46,3798.0,confirmed
11.02454,2.003,0.455,3655.0,confirmed
26.5841,1.73,0.455,3655.0,confirmed
7.9757,1.05,0.723,4359.0,confirmed
7.9752,1.014,0.677,4500.0,confirmed
7.975292,0.99,0.66,4499.0,confirmed
17.30681,3.14,0.723,4359.0,confirmed
17.307137,2.91,0.66,4499.0,confirmed
17.30713,3.0,0.677,4500.0,confirmed
17.3077,3.03,0.71,4364.0,confirmed
17.3070631,3.7275,0.77,4230.6,confirmed
25.575065,1.45,0.66,4499.0,confirmed
25.575,1.565,0.677,4500.0,confirmed
25.5715,1.55,0.723,4359.0,confirmed
0.179715,0.89,0.442,3492.0,confirmed
0.179719,0.64,0.29,3697.0,confirmed
2.35309,1.51,0.863,5356.3,confirmed
2.35321,1.49,0.839,5283.0,confirmed
2.35322,1.57,0.86,5378.0,confirmed
3.56015,2.26,0.839,5283.0,confirmed
3.55987,2.52,0.86,5378.0,confirmed
3.56004,2.299,0.863,5356.3,confirmed
5.40484,2.46,0.839,5283.0,confirmed
5.40478,2.66,0.86,5378.0,confirmed
5.40479,2.39,0.863,5356.3,confirmed
8.26146,3.39,0.863,5356.3,confirmed
8.26144,3.29,0.86,5378.0,confirmed
8.2616616,3.30997,0.86,5281.0,confirmed
8.26147,3.11,0.839,5283.0,confirmed
12.75759,2.81,0.86,5378.0,confirmed
12.75758,2.904,0.863,5356.3,confirmed
12.75758,2.73,0.839,5283.0,confirmed
41.96797,3.013,0.863,5356.3,confirmed
41.96645,3.18,0.839,5283.0,confirmed
28.380619,9.11,0.88,5370.0,confirmed
28.38236,9.056872,0.862,5340.0,confirmed
28.382071,9.26802368,0.872288,5425.0,confirmed
8.3688168,6.65,0.56,3879.0,confirmed
8.36926,4.48,0.386,3866.0,confirmed
8.368791,7.49,0.623332,3970.42,confirmed
8.36802,4.81,0.45,3789.0,confirmed
6.56918,12.25,0.99,5705.0,confirmed
6.569188,13.56286665,1.06,5585.0,confirmed
6.569213,13.04635343,1.047599,5637.0,confirmed
6.5693,12.273855,0.987,5654.0,confirmed
0.28,1.493,0.6862,4599.0,confirmed
0.2803226,1.54,0.674,4373.0,confirmed
0.2803246,1.64829,0.72,4477.0,confirmed
0.2803244,1.51,0.681,4570.0,confirmed
0.2803244,1.51,0.681,4599.0,confirmed
7.7485,7.0,0.681,4570.0,confirmed
7.7485,7.0,0.681,4599.0,confirmed
2.644661,2.15,0.33,3398.0,confirmed
2.64484,1.83,0.325729,3359.0,confirmed
2.6446,2.05,0.33,3385.0,confirmed
2.6698,2.25,0.35,3385.0,confirmed
2.644646,2.2,0.35,3385.0,confirmed
4.00498,2.19,0.33,3385.0,confirmed
3.9663,2.59,0.35,3385.0,confirmed
0.961917,1.38,0.554,3672.0,confirmed
0.961918,0.73,0.31,3775.0,confirmed
0.961939,1.47286006,0.578,3690.0,confirmed
4.38395,1.33,0.632,4079.0,confirmed
6.9226,1.73,0.632,4079.0,confirmed
9.7579,1.64,0.632,4079.0,confirmed
11.332,1.64,0.568,3745.0,confirmed
11.808398,3.1,0.76,4992.0,confirmed
11.8104,2.48,0.68,5131.0,confirmed
11.8097,2.84,0.78,5314.0,confirmed
10.59357,2.0,0.436,3499.0,confirmed
3.835476,1.49,0.45,3695.0,confirmed
3.835592,1.35,0.429,3585.0,confirmed
32.6527,2.81,0.631,3940.0,confirmed
32.6479,2.29,0.61,4044.0,confirmed
7.51554,2.0,0.495,3720.0,confirmed
7.51574,2.0,0.53,3845.0,confirmed
3.67626,1.99,0.63,4097.0,confirmed
3.67635,2.23,0.649,3978.0,confirmed
7.95486,2.07,0.63,4097.0,confirmed
7.95478,2.1,0.649,3978.0,confirmed
6.342,1.8,0.58,4258.0,confirmed
6.34365,1.55,0.526,3919.0,confirmed
13.85402,1.95,0.526,3919.0,confirmed
13.85,2.6,0.58,4258.0,confirmed
13.85327454047,2.2098839,0.655766,3893.47,confirmed
40.718,1.9,0.58,4258.0,confirmed
40.6835,1.64,0.526,3919.0,confirmed
0.813149,1.14414279,0.615543,4460.0,confirmed
0.813143,1.1,0.62,4460.0,confirmed
0.81314,1.15,0.66,4597.0,confirmed
0.365257,1.05548088,0.875749,5456.0,confirmed
0.365261,1.0,0.88,5456.0,confirmed
0.3652575,0.935,0.86,5334.0,confirmed
10.062106,2.63456976,0.892097,5489.0,confirmed
10.06049,2.64,0.95,5503.0,confirmed
5.90279,1.28,0.95,5503.0,confirmed
12.42205,2.26,0.83,5425.0,confirmed
12.421078,2.20753881,0.829915,5419.0,confirmed
7.61856,1.96,0.67,4800.0,confirmed
7.6196574,2.39,0.71,4620.0,confirmed
7.6188,2.02,0.66,4742.0,confirmed
7.62067,2.13,0.64,4761.0,confirmed
19.07536,2.14,0.64,4761.0,confirmed
19.07454,2.58,0.71,4620.0,confirmed
19.07863,2.54,0.66,4742.0,confirmed
19.077,2.19,0.67,4800.0,confirmed
3.705871,3.17824034,0.913754,5649.0,confirmed
9.283188,6.11721229,2.568173,4972.0,confirmed
9.457747,1.48630496,0.725626,4885.0,confirmed
9.45889,1.44,0.69,4842.0,confirmed
6.673117,2.46610713,0.762201,4937.0,confirmed
17.355681,1.81,1.06,5894.0,confirmed
17.355066,3.24925008,2.196069,5791.0,confirmed
2.354992,1.27443657,0.803827,5185.0,confirmed
4.382745,1.55409035,0.803827,5185.0,confirmed
14.101361,2.64809498,0.803827,5185.0,confirmed
14.06660140645,3.19087767,0.837606,5141.67,confirmed
8.527219,1.82322896,1.196219,5922.0,confirmed
8.52695,2.19,1.61,5960.0,confirmed
9.9785275,2.34,1.499,5908.0,confirmed
9.978541,2.36509493,1.499,6310.0,confirmed
9.975403,2.13,1.18,6063.0,confirmed
9.977481,2.8191657,1.829853,5908.0,confirmed
9.9783319274,2.05153324,1.47131,6073.5,confirmed
9.97748,2.3,1.494,6011.0,confirmed
9.97857,2.2642141,1.46,6141.0,confirmed
15.853989,2.14446231,0.874211,5554.0,confirmed
15.85412,2.34,0.88,5495.0,confirmed
15.8523,1.86,0.83,5502.7,confirmed
6.380803,1.27328671,0.919053,5548.0,confirmed
6.37961,1.41,0.83,5347.0,confirmed
17.9654,1.53,0.478,4102.0,confirmed
17.969079,1.94750799,0.600869,4382.0,confirmed
17.96753,2.23,0.66,4320.0,confirmed
17.969029,2.03,0.626014,4118.41,confirmed
17.968216,2.15,0.63,4151.0,confirmed
7.5767206,1.5,0.98,5749.0,confirmed
7.576544,1.41817537,0.981614,5748.0,confirmed
12.400047,1.8017647,0.981614,5748.0,confirmed
12.400731,1.92,0.98,5749.0,confirmed
5.6315915,1.23,0.77,5032.0,confirmed
5.628466,2.68657205,1.717458,5250.0,confirmed
14.317001,1.8,0.86,5449.0,confirmed
14.316941,1.66608079,0.868889,5569.0,confirmed
29.62682,3.20569097,0.868889,5569.0,confirmed
29.626402,3.41,0.86,5449.0,confirmed
5.868699,1.60826194,0.843154,5580.0,confirmed
19.564,2.59,0.673,4581.0,confirmed
19.56204579364,3.28708684,0.758892,4246.8,confirmed
19.56325,2.59,0.758892,4246.81,confirmed
19.562307,2.6,0.676,4455.0,confirmed
19.562743,2.49179901,0.63908,4500.0,confirmed
9.525988,2.03803688,1.420038,5909.0,confirmed
5.329439,1.49090097,0.86416,5428.0,confirmed
14.155185,2.1162048,1.213565,6063.0,confirmed
8.75470797754,3.54381082,0.889347,5888.0,confirmed
8.747818,3.55790985,0.887267,5525.0,confirmed
5.172191,2.51267885,0.768067,5015.0,confirmed
32.94112,2.461,0.468,3449.0,confirmed
32.947328,2.17,0.36,3440.0,confirmed
32.9418,2.28,0.4,3496.0,confirmed
32.93737167947,2.53362939,0.444516,3464.0,confirmed
32.939623,2.37,0.411,3457.0,confirmed
32.940045,2.61,0.4445,3457.0,confirmed
32.93963,2.38,0.411,3457.0,confirmed
32.94488,2.24,0.394,3503.0,confirmed
32.939614,2.279,0.411,3457.0,confirmed
8.8665,2.24179614,0.69,5110.0,confirmed
8.865932,2.41012773,0.681111,5263.0,confirmed
8.8656511,2.52,0.72,5306.0,confirmed
8.86528860869,4.28539694,0.697439,5368.0,confirmed
8.867209,2.31,0.72,5358.0,confirmed
8.8656,2.13,0.638,5166.0,confirmed
8.865663,2.46597575,0.719,5365.0,confirmed
6.894252,2.70624391,0.999244,5609.0,confirmed
6.8941,2.69,1.06,5528.0,confirmed
6.893813,2.83587212,1.04,5520.0,confirmed
6.894256,2.84,1.07,5608.0,confirmed
4.7369696,2.71257333,0.789,5128.0,confirmed
4.736837,2.76,0.8,5165.0,confirmed
4.736884,2.76720668,0.790138,5159.0,confirmed
4.7369683,2.69,0.793,5170.0,confirmed
4.7369729,2.7,0.8,5181.0,confirmed
4.7369669,2.93924,0.79,5069.2,confirmed
0.469285,1.1,0.87,5482.0,confirmed
0.469269,2.59929571,0.873283,5482.0,confirmed
10.792635,2.87,0.97,5519.0,confirmed
10.787992,2.3,0.87,5482.0,confirmed
10.793471,2.51134498,0.873283,5482.0,confirmed
22.631964,2.86,0.97,5519.0,confirmed
22.620344,2.3,0.87,5482.0,confirmed
22.629496,2.54112738,0.873283,5482.0,confirmed
16.9780102,1.47,0.75,5245.0,confirmed
16.995731,1.55,0.78,5220.0,confirmed
16.993435,1.53786409,0.764371,5252.0,confirmed
10.616646,1.31284773,0.914349,5722.0,confirmed
10.616384,1.15,0.94,5788.0,confirmed
52.713494,2.39,0.94,5788.0,confirmed
41.474219,3.17207779,0.98083,5784.0,confirmed
0.773981,1.3833597,0.894913,5477.0,confirmed
0.77401,1.2,0.83,5438.0,confirmed
0.77392,1.3,0.92,5484.0,confirmed
2.871512,1.4,0.83,5438.0,confirmed
2.871788,1.70058746,0.894913,5477.0,confirmed
2.872042,1.8,0.92,5484.0,confirmed
7.14921,3.17,0.92,5484.0,confirmed
7.149079,3.22104537,0.894913,5477.0,confirmed
7.149584,2.4,0.83,5438.0,confirmed
13.608341,2.25541631,0.894913,5477.0,confirmed
13.609878,2.38,0.92,5484.0,confirmed
13.606629,1.9,0.83,5438.0,confirmed
1.742169,1.35,1.19,5977.0,confirmed
1.742983,1.25908622,1.109202,5982.0,confirmed
7.8092052,2.70889,1.22,5906.9,confirmed
7.807595,2.62511304,1.109202,5982.0,confirmed
7.810253,2.83,1.19,5977.0,confirmed
5.1763,1.51234354,0.862285,5503.0,confirmed
2.588309,1.52,0.87,5519.0,confirmed
2.58812,1.403,0.879,5442.0,confirmed
6.67934,2.48429818,0.862285,5503.0,confirmed
6.67932,2.31,0.879,5442.0,confirmed
6.679195,2.5,0.87,5519.0,confirmed
7.9194,7.74,0.86,5430.0,confirmed
7.91952,8.2,1.01,5748.0,confirmed
7.9222,7.0,0.82,5322.0,confirmed
7.9177855286,6.59307857,0.840476,5322.0,confirmed
7.91943,7.11,0.81,5519.0,confirmed
7.919454,7.23,0.88,5230.0,confirmed
7.921101,7.46,0.913,5390.0,confirmed
7.9194,7.74,0.86,5430.0,confirmed
7.920994,7.34,0.914,5345.0,confirmed
7.9194979,7.46,0.84,5368.0,confirmed
7.919493,6.751484,0.833805,5391.0,confirmed
7.9222,7.0,0.82,5322.0,confirmed
11.90691,4.31,0.81,5519.0,confirmed
11.907625,4.05161714,0.833805,5391.0,confirmed
12.0028,4.37,0.914,5345.0,confirmed
11.90715,4.86,0.86,5430.0,confirmed
11.8993,4.1,0.82,5322.0,confirmed
11.90727,4.51,0.913,5390.0,confirmed
11.90715,4.86,0.86,5430.0,confirmed
11.90724,4.93,1.01,5748.0,confirmed
11.90767,4.43,0.84,5368.0,confirmed
11.8993,4.1,0.82,5322.0,confirmed
11.90701,4.21,0.88,5230.0,confirmed
2.50856,1.14,0.86,5430.0,confirmed
2.50856,1.14,0.86,5430.0,confirmed
2.508283,1.15876577,0.833805,5391.0,confirmed
2.5081,1.11,0.82,5322.0,confirmed
2.5081,1.11,0.82,5322.0,confirmed
2.5084894,1.26,0.84,5368.0,confirmed
2.50858,1.22,1.01,5748.0,confirmed
10.098858,1.35673729,0.912206,5631.0,confirmed
21.574023,1.09308317,0.912206,5631.0,confirmed
2.858646,1.57889322,0.839696,5176.0,confirmed
4.163221,1.57477412,0.828268,5252.0,confirmed
4.162817,1.52,0.81,5222.0,confirmed
14.787207,4.01454158,0.95685,5623.0,confirmed
14.786889,3.95,0.98,5817.0,confirmed
39.721386,3.64229858,1.281115,5979.0,confirmed
15.852975,3.13,0.99,5713.0,confirmed
15.853543,2.94026258,0.906367,5712.0,confirmed
28.482786,2.57581891,0.906367,5712.0,confirmed
48.324222,3.59970536,1.538801,6045.0,confirmed
8.357881,2.56,0.93,5667.0,confirmed
8.357954,2.5015294,0.910305,5675.0,confirmed
17.043179,4.11850271,0.778475,5262.0,confirmed
17.0428683,4.189,0.757,5212.9,confirmed
3.3596055,1.423,0.757,5212.9,confirmed
7.4500177,2.438,0.757,5212.9,confirmed
3.225338,1.87,0.68,4648.0,confirmed
3.2253993,1.73,0.682,4491.0,confirmed
3.225286,1.74,0.68,4507.0,confirmed
3.225423,1.88203097,0.667422,4681.0,confirmed
7.37442,2.67,0.68,4507.0,confirmed
7.3744897,2.85,0.682,4491.0,confirmed
7.374694,2.78,0.68,4648.0,confirmed
7.374497,2.83685639,0.667422,4681.0,confirmed
2.849883,1.3643987,0.791736,5233.0,confirmed
1.05979,1.40006712,0.878161,5507.0,confirmed
22.779878,3.28568401,0.878161,5507.0,confirmed
3.405164,2.30165603,0.910685,5491.0,confirmed
9.6952,1.26549392,0.765,5026.0,confirmed
9.695101,1.37068602,0.762994,5000.0,confirmed
7.055908,3.17214154,1.253,5783.0,confirmed
7.055784,3.04584393,1.177665,5755.0,confirmed
26.672263,1.99552771,1.077574,5890.0,confirmed
18.294549,2.79522879,0.758046,5043.0,confirmed
12.48749,2.60585269,0.928158,5522.0,confirmed
4.190948,1.67866113,0.862368,5582.0,confirmed
4.19097,1.67462172,0.872,5500.0,confirmed
2.080615,0.86850263,0.712365,4720.0,confirmed
9.325038,1.84,0.646783,4222.06,confirmed
9.32414,1.59,0.6,4043.0,confirmed
9.32389,1.25,0.46,4006.0,confirmed
9.3251498,1.89,0.6,4024.0,confirmed
15.50192,2.49,0.646783,4222.06,confirmed
15.50116,1.53,0.46,4006.0,confirmed
15.5012,1.92,0.6,4043.0,confirmed
15.504102,2.29,0.6,4024.0,confirmed
0.570233,0.81864346,0.85179,5396.0,confirmed
0.57023,0.86,0.89,5500.0,confirmed
0.669532,1.3,0.79,5360.0,confirmed
0.669561,1.33162691,0.818,5117.0,confirmed
0.669558,1.37466396,0.815727,5221.0,confirmed
9.795647,2.65,0.678,4349.0,confirmed
9.79551,2.52,0.65,4272.0,confirmed
9.79565352601,2.82375991,0.706632,4147.0,confirmed
9.7954,2.39257704,0.598075,4349.0,confirmed
8.13087,1.51398464,1.20424,5794.0,confirmed
8.59656,2.51,1.236,5875.0,confirmed
8.596531,2.21567504,1.123168,5768.0,confirmed
8.596802,2.43,1.27,5854.0,confirmed
8.269648,2.12381238,0.974398,5704.0,confirmed
2.174789,1.66,0.699,4495.0,confirmed
2.1748,1.75,0.72,4503.0,confirmed
2.174782,1.63,0.69,4658.0,confirmed
2.1747824,1.79105,0.71,4542.0,confirmed
2.174789,1.67844825,0.665648,4591.0,confirmed
14.074524,3.57854073,1.333718,5967.0,confirmed
8.679885,2.56948149,1.008231,5757.0,confirmed
3.901287,1.34762583,1.189232,5753.0,confirmed
6.66767,1.43839723,1.189232,5753.0,confirmed
11.137278,2.57634456,1.189232,5753.0,confirmed
0.381073,2.3,0.58,3879.0,confirmed
0.381087,4.31,0.54,3830.0,confirmed
0.38107852,4.61,0.57,3892.0,confirmed
1.143201,3.0,0.382,3865.0,confirmed
0.381078,4.75,0.581569,3879.18,confirmed
0.381078,2.5,0.57,3830.0,confirmed
13.682511,2.21473364,0.929546,5599.0,confirmed
13.683256,2.39,1.02,5660.0,confirmed
13.68186,2.37,1.026,5612.0,confirmed
2.399094,1.67890272,0.947599,5716.0,confirmed
15.38857,2.35,1.115,5942.0,confirmed
15.388825,2.22325951,1.040375,5934.0,confirmed
15.387063,2.39,1.09,6058.0,confirmed
15.3886606556,2.53826377,1.0623,6101.0,confirmed
15.3863,2.41,1.093,5961.0,confirmed
0.50557,0.90973766,1.013236,5859.0,confirmed
0.50565,0.89,0.99,5835.0,confirmed
0.50557,0.89,1.0,5859.0,confirmed
4.564169,1.6195921,1.013236,5859.0,confirmed
4.562546,1.5,1.0,5859.0,confirmed
4.56327,1.57,0.99,5835.0,confirmed
4.478591,1.66378993,0.839998,5614.0,confirmed
4.47904,1.56,0.84,5620.0,confirmed
10.09489,2.41,0.84,5620.0,confirmed
15.8723,3.60929179,1.7,5520.0,confirmed
15.871455,2.66099554,1.209303,5733.0,confirmed
15.87209,3.49,1.7,5742.0,confirmed
3.271106,1.48696454,0.82447,5397.0,confirmed
3.27108,1.54,0.91,5424.0,confirmed
3.27109,1.53899305,0.889,5288.0,confirmed
13.621832,1.66551298,0.890666,5673.0,confirmed
2.698368,1.38434336,0.699017,4764.0,confirmed
2.69828,1.21,0.65,4715.0,confirmed
0.584249,1.164,0.793,5185.0,confirmed
0.584216,1.0,0.79,5315.0,confirmed
0.58424,1.2547759,0.801878,5231.0,confirmed
0.58426,1.14,0.79,5315.0,confirmed
0.584272,1.26,0.774,5163.0,confirmed
0.584,1.197,0.781,5185.0,confirmed
8.32727,2.03,0.79,5315.0,confirmed
8.3262,2.04,0.774,5163.0,confirmed
8.32834,2.12,0.793,5185.0,confirmed
8.32801,2.16480482,0.801878,5231.0,confirmed
2.86041,1.96,1.39,5945.0,confirmed
2.860636,1.93420564,1.181244,6002.0,confirmed
13.841901,2.5,0.95,5695.0,confirmed
11.168454,11.209,1.161,6154.0,confirmed
11.168459,11.859122,1.233,5888.0,confirmed
11.1684037,12.77,1.22,5981.0,confirmed
2.467583,1.315,0.71,4796.0,confirmed
2.4675,1.343,0.71,5033.0,confirmed
2.46746,1.398,0.745,4950.0,confirmed
7.06024,1.272,0.71,4796.0,confirmed
7.06005,1.281,0.71,5033.0,confirmed
7.06142,1.335,0.745,4950.0,confirmed
24.3645,2.358,0.71,5033.0,confirmed
24.3681,2.363,0.71,4796.0,confirmed
24.3662,2.64,0.745,4950.0,confirmed
2.18053332,16.06246934,1.236,6180.0,confirmed
2.1805577,18.405178,1.38,6099.0,confirmed
2.18052771326,16.80885305,1.27146,6599.0,confirmed
2.18056,18.49485,1.43,6257.0,confirmed
2.18053539,16.19697711,1.261,6360.0,confirmed
3.20466,14.5717,1.59,5630.0,confirmed
5.24,1.1,0.36,3420.0,confirmed
7.775,1.0,0.36,3420.0,confirmed
10.115,1.1,0.36,3420.0,confirmed
20.885016,5.25597181,1.068173,5744.0,confirmed
20.885075,4.05,0.77,5071.0,confirmed
20.88977,5.4,1.16,5625.0,confirmed
20.88508,5.83,1.21,5743.0,confirmed
20.8851,5.68,1.21,5743.0,confirmed
20.8851,5.68,1.21,5743.0,confirmed
20.88977,5.4,1.16,5625.0,confirmed
20.88526,7.07,1.51,5717.0,confirmed
42.3391,7.5,1.16,5625.0,confirmed
42.36301,9.8,1.51,5717.0,confirmed
42.3633,7.82,1.21,5743.0,confirmed
42.3633,7.82,1.21,5743.0,confirmed
42.363493,5.59,0.77,5071.0,confirmed
42.363982,7.1178989,1.068173,5744.0,confirmed
42.3391,7.5,1.16,5625.0,confirmed
42.36342,8.1,1.21,5743.0,confirmed
6.034,2.0,0.54,3810.0,confirmed
20.523,1.8,0.54,3810.0,confirmed
26.8199,2.55,0.75,5262.0,confirmed
6.51389,2.54,0.37,3459.0,confirmed
11.54182,2.17,1.39,6570.0,confirmed
24.94598,2.01,1.39,6570.0,confirmed
21.06884,1.75,0.92,5677.0,confirmed
21.070201,1.65007129,0.890903,5728.0,confirmed
11.89307,4.34,1.25,5793.0,confirmed
11.89376,2.67,0.956,5942.0,confirmed
5.76918,3.49,0.94,5610.0,confirmed
2.25021,2.12,0.69,4667.0,confirmed
6.49424,2.19,0.69,4667.0,confirmed
7.17256,2.57,0.92,5528.0,confirmed
12.409,2.79,1.57,6504.0,confirmed
3.48456408,3.44,0.2932,3207.0,confirmed
3.484552,3.43,0.295,3180.0,confirmed
3.48455432425,4.20831932,0.290216,3204.0,confirmed
4.01457,2.44,0.81,5172.0,confirmed
4.01392,2.71257333,0.797,5003.0,confirmed
9.30075,2.35,0.49,3717.0,confirmed
13.81513,1.74,0.82,5152.0,confirmed
4.00167,12.67,1.1,6027.0,confirmed
4.00357732994,12.96278785,1.08492,5318.0,confirmed
4.09639,1.63,0.67,4629.0,confirmed
12.11839,2.19,0.67,4629.0,confirmed
1.96417,2.9,0.69,4676.0,confirmed
5.52011,2.63,0.78,5219.0,refuted
1.60588,0.83,0.5,3725.0,confirmed
19.0921,3.0,1.31,6351.0,confirmed
15.48043,2.32,1.13,6059.0,confirmed
15.482399,2.09663798,1.077775,5928.0,confirmed
14.567025,2.79,0.51,3731.0,confirmed
14.5662,2.58,0.51,3769.0,confirmed
14.5665,2.67,0.52,3785.0,confirmed
2.6266983,18.7969,1.77,6475.0,confirmed
2.62669762,18.41635529,1.755,6860.0,confirmed
2.6266657,17.396368,1.69,6367.0,confirmed
11.63344,9.52763359,1.669,5537.0,confirmed
11.63395,10.32,1.679,5478.0,confirmed
11.63344,9.52765,1.65,5537.0,confirmed
11.633478,9.50521563,1.641,5503.0,confirmed
11.633478,9.52763359,1.642,5445.0,confirmed
11.6332127,10.264,1.73,5287.7,confirmed
11.6334681,9.26982704,1.663,5490.0,confirmed
50.818947,2.41,0.85,5368.0,confirmed
50.819331,2.16538589,0.837459,5410.0,confirmed
50.818947,2.41,0.85,5368.0,confirmed
5.83977,2.27,0.473,3580.0,confirmed
5.840002,2.231,0.473,3660.0,confirmed
19.66365,2.77,0.473,3580.0,confirmed
19.660302,2.668,0.473,3660.0,confirmed
2.36906,1.676,0.924,5435.0,confirmed
2.369172,1.71,0.977,5477.0,confirmed
2.369193,1.62,0.91,5481.0,confirmed
2.3690438,1.63,0.81,5261.0,confirmed
2.369008,1.66165565,0.889069,5509.0,confirmed
2.36902,1.70824866,0.92,5420.0,confirmed
0.658524,3.3,0.703,4285.0,confirmed
7.814,0.705,0.703,4285.0,confirmed
14.697,2.93,0.703,4285.0,confirmed
14.69808003166,3.17788403,0.733789,4362.0,confirmed
19.482,2.73,0.703,4285.0,confirmed
19.48348329613,3.54834332,0.733789,4362.0,confirmed
2.151676,1.5,0.78,5106.0,confirmed
2.151894,1.41,0.78,5068.0,confirmed
9.327527,2.69,0.78,5106.0,confirmed
9.326841,2.69,0.78,5068.0,confirmed
4.528598,1.49,0.78,5106.0,confirmed
6.131243,1.33,0.78,5106.0,confirmed
26.27057,2.23,0.78,5106.0,confirmed
4.144965,1.57,1.45,6209.0,confirmed
4.145398,1.1956395,1.309274,6035.0,confirmed
6.771315,5.36,1.03,5797.0,confirmed
6.77131,5.77,0.88,5422.0,confirmed
6.771347,4.74,0.876,5246.0,confirmed
6.771315,4.48,0.885,5248.0,confirmed
6.77145,4.45,0.85,5320.0,confirmed
6.771389,4.58049508,0.855055,5368.0,confirmed
6.7713411,5.07965,0.89,5231.0,confirmed
6.7714021,4.68,0.81,5247.0,confirmed
1.543069,1.38,0.77,4877.0,confirmed
4.400028,2.95,0.77,4877.0,confirmed
4.399871,2.8,0.772,4810.0,confirmed
8.56232889439,6.92239107,1.02304,5545.3,confirmed
8.562421,7.28,0.99,5644.0,confirmed
14.454034,3.2,0.802,5490.0,confirmed
14.453533,2.91,0.81,5419.0,confirmed
14.4536756,3.13,0.83,5397.0,confirmed
11.722103,2.8,0.838,5170.0,confirmed
11.7195663,3.05,0.85,5161.0,confirmed
11.716332,4.42,0.84,5200.0,confirmed
14.133427,2.32120418,0.747608,5098.0,confirmed
14.1330314,2.08,0.7,5044.0,confirmed
14.129714,2.2,0.74,5065.0,confirmed
3.280961,2.24,0.73,4812.0,confirmed
3.28102986099,2.50448263,0.735345,4783.6,confirmed
3.2809626,2.34,0.69,4841.0,confirmed
3.280858,2.128688,0.727072,4822.0,confirmed
8.4388385,2.21,0.69,4841.0,confirmed
8.438756,2.34,0.73,4812.0,confirmed
8.43889970961,3.01612551,0.735345,4783.6,confirmed
18.718269,3.77,0.85,5139.0,confirmed
6.32668003682,2.29015537,0.975383,5673.0,confirmed
6.32677,2.23,0.952,5705.0,confirmed
6.326768,2.18575124,0.973,5680.0,confirmed
6.326674,2.12171156,0.946965,5733.0,confirmed
6.326763,2.07,0.97,5741.0,confirmed
3.334966,2.98,1.61,6747.0,confirmed
7.122605,1.21,0.86,5558.0,confirmed
2.260435,2.3,0.279867,3292.75,confirmed
2.260455,2.32,0.288,3214.0,confirmed
2.2604455,2.56,0.288,3214.0,confirmed
2.2604439,1.6,0.18,2997.0,confirmed
2.260438,2.45,0.28,3290.0,confirmed
2.26026548696,2.72623736,0.341024,3236.0,confirmed
19.89526,7.5,1.28,5500.0,confirmed
19.895202,7.67,1.28,5742.0,confirmed
19.894641,5.55493874,1.06414,5767.0,confirmed
19.895,7.46,1.279,5741.0,confirmed
8.687721,8.18,0.76,4812.0,confirmed
4.169836,2.82,0.94,5523.0,confirmed
4.169783,2.5,1.0,5499.0,confirmed
1.921036,3.52,0.82,5060.0,confirmed
4.795069,2.78,0.607,4140.0,confirmed
4.7948642,3.3985,0.65,4072.0,confirmed
3.471745,2.59,0.787,4975.0,confirmed
3.4715644,2.65245,0.77,5144.5,confirmed
7.1385672,3.60516,0.77,5144.5,confirmed
7.138048,3.53,0.787,4975.0,confirmed
10.45582,2.48,0.787,4975.0,confirmed
14.76289,1.95,0.787,4975.0,confirmed
27.359,2.1,0.62,3926.0,confirmed
14.893291,9.494023,1.07,5695.0,confirmed
14.89329,9.33708092,1.07,5695.0,confirmed
31.393463,1.9,0.32,3341.0,confirmed
13.15628,3.2,0.38,3809.0,confirmed
13.156974,5.19,0.54,3816.0,confirmed
13.156969,9.1,1.025,5529.0,confirmed
3.258824,12.05607716,0.857501,5392.0,confirmed
3.2589263,11.209,0.748,5222.0,confirmed
3.25883164155,12.87148683,0.817114,5387.06,confirmed
3.2588321,13.33871,0.86,5358.0,confirmed
3.258768,11.42,0.85,5323.0,confirmed
9.21165,3.06,1.511,6302.0,confirmed
48.36685,11.276254,1.511,6302.0,confirmed
2.225177,1.589,0.899,5520.0,confirmed
2.2251639,1.50436,0.92,5509.0,confirmed
2.225,1.582,0.904,5520.0,confirmed
2.225177,1.589,0.934,5520.0,confirmed
16.9841,2.63,1.09,5725.0,confirmed
13.1225,2.45,0.947,5532.0,confirmed
2.50387,1.66,1.2,5612.0,confirmed
4.0248735,11.6786,0.75,4492.0,confirmed
4.024867,10.054473,0.7,4444.0,confirmed
10.05460031054,2.11286662,0.550856,3920.0,confirmed
10.05448,1.98,0.52,3951.0,confirmed
10.05449,2.18,0.56,3896.0,confirmed
10.054626,2.14,0.561,3896.0,confirmed
10.05403,2.14,0.561,3896.0,confirmed
10.054374,2.4,0.58,3927.0,confirmed
10.054626,2.25,0.6,3835.0,confirmed
10.05403,2.14,0.561,3896.0,confirmed
10.0546535,2.078,0.546,3844.0,confirmed
10.05443,1.44,0.371,3841.0,confirmed
10.05454,2.29,0.6,3835.0,confirmed
24.6435,1.18,0.371,3841.0,confirmed
24.646729,1.582,0.546,3844.0,confirmed
24.646582,1.69,0.6,3835.0,confirmed
24.64638,1.77,0.6,3835.0,confirmed
24.646582,1.72,0.561,3896.0,confirmed
24.6454,1.72,0.561,3896.0,confirmed
24.6454,1.72,0.561,3896.0,confirmed
24.64745,1.56,0.52,3951.0,confirmed
24.645013,1.9,0.58,3927.0,confirmed
24.64354,1.85,0.56,3896.0,confirmed
44.55603,1.458,0.546,3844.0,confirmed
44.56115,1.7,0.58,3927.0,confirmed
44.556456,1.62,0.6,3835.0,confirmed
44.5631,1.52,0.561,3896.0,confirmed
44.556456,1.52,0.561,3896.0,confirmed
44.55983,1.51,0.56,3896.0,confirmed
44.5631,1.52,0.561,3896.0,confirmed
44.5609,0.96,0.371,3841.0,confirmed
44.55764,1.65,0.6,3835.0,confirmed
4.098506,12.3,0.92,5567.0,confirmed
4.09847409321,14.83669218,1.06395,5198.0,confirmed
4.098492,12.65164357,0.909346,5574.0,confirmed
4.09849,11.982421,0.839,5575.0,confirmed
4.098507,13.405964,0.941,5581.0,confirmed
4.098503,11.646151,0.844,5425.0,confirmed
3.38628,9.916,1.24,6100.0,confirmed
1.2578542,34.0,0.9,5465.0,confirmed
1.25785,11.88154,0.78,5280.0,confirmed
1.25784906,46.0,1.138,5340.0,confirmed
1.2578493,7.0,0.81,5251.0,confirmed
1.25781300511,12.57069193,1.02904,5340.0,confirmed
3.1443189,0.95,0.196,3300.0,confirmed
1.133,1.33,0.379,3436.0,confirmed
5.26,1.83,0.379,3436.0,confirmed
6.22,2.93,0.379,3387.0,confirmed
7.01,1.66,0.552,3851.0,confirmed
26.68,2.79,0.898,5440.0,confirmed
8.9919156,4.79,0.72,4686.0,confirmed
8.991942,5.17103245,0.839164,5415.0,confirmed
8.99218,5.38,0.87,5315.0,confirmed
8.99213,5.62,0.92,5428.0,confirmed
8.992,5.299,0.86,5271.0,confirmed
17.97586029496,4.78034841,0.851795,5274.0,confirmed
8.99218,5.38,0.87,5315.0,confirmed
8.99213,5.13,0.845,5275.0,confirmed
8.99196,5.038,0.855,5274.0,confirmed
20.65614,3.48,0.87,5315.0,confirmed
20.66093,3.01,0.855,5274.0,confirmed
20.6602,3.32,0.92,5428.0,confirmed
20.65614,3.48,0.87,5315.0,confirmed
20.660987,2.88,0.72,4686.0,confirmed
20.6602,3.01,0.845,5275.0,confirmed
20.66093,3.134,0.86,5271.0,confirmed
20.661623,3.11517954,0.839164,5415.0,confirmed
31.71701,3.484,0.86,5271.0,confirmed
31.715868,3.13,0.72,4686.0,confirmed
31.7154,3.77,0.92,5428.0,confirmed
31.71922,3.75,0.87,5315.0,confirmed
31.7169,3.33,0.855,5274.0,confirmed
31.7154,3.43,0.845,5275.0,confirmed
31.71922,3.75,0.87,5315.0,confirmed
31.715061,3.41411198,0.839164,5415.0,confirmed
4.34934,1.212,0.86,5271.0,confirmed
1.995,2.62,0.3,3157.0,confirmed
2.298,1.95,0.583,3855.0,confirmed
2.29799150846,2.32710652,0.590525,3650.0,confirmed
2.2979749,2.05124347,0.595,3750.0,confirmed
8.205,1.92,0.602,4141.0,confirmed
24.93,2.1,0.549,3710.0,confirmed
3.262,2.43,0.505,3752.0,confirmed
6.93,2.2,0.298,3287.0,confirmed
1.256,2.28,0.688,3924.0,confirmed
12.4551225,8.675766,0.822,5282.0,confirmed
12.45636917022,8.7723254,0.843307,5278.0,confirmed
5.4252061,0.868,0.16,2890.0,confirmed
5.42513,5.76,1.1,3410.0,confirmed
5.424865,5.04,1.05,3540.0,confirmed
13.773826,3.29495202,1.682578,6114.0,confirmed
13.7748361,2.67656,1.47,6266.98,confirmed
13.774798,2.77,1.5,6232.0,confirmed
9.398977,1.79,1.06,5994.0,confirmed
22.99592,2.5,1.043,6010.0,confirmed
22.996591,2.72,1.06,5994.0,confirmed
17.70632,2.2,0.28,3315.0,confirmed
14.759287,6.18,1.22,5880.0,confirmed
14.759595,5.3,1.186,6070.0,confirmed
14.75650149447,5.7395617,1.20174,5790.7,confirmed
5.11383503556,5.67086336,1.50876,6315.7,confirmed
5.113981,5.65,1.49,6502.0,confirmed
5.113823,5.0,1.409,6890.0,confirmed
12.282343,2.52633631,1.410373,5985.0,confirmed
12.283211,2.21,1.33,6222.0,confirmed
21.191788,1.3172461,0.782112,5277.0,confirmed
21.194733,1.22,0.8,5424.0,confirmed
16.273563,2.62,1.32,5869.0,confirmed
16.27284,2.10886389,1.064948,5656.0,confirmed
3.850614,1.03,0.63,4558.0,confirmed
19.507428,1.92,0.72,4857.0,confirmed
2.995646,13.96620332,1.454974,5990.0,confirmed
2.995629,15.434793,1.58,6149.0,confirmed
2.9956366,13.1937,1.4,6135.5,confirmed
2.995607,15.13215,1.526,6132.0,confirmed
2.995633,13.96,1.44,6071.0,confirmed
2.9956348,13.75,1.42,6168.0,confirmed
2.995653,13.8,1.398,6380.0,confirmed
2.99561,11.99363,1.22,6132.0,confirmed
2.995654,16.14096,1.66,6087.0,confirmed
29.740451,3.36,1.13,5532.0,confirmed
36.556251,2.96787013,1.035241,5759.0,confirmed
36.552551,3.21,1.16,5817.0,confirmed
11.561514,2.4,1.406,6140.0,confirmed
11.561052,2.03,1.09,5920.0,confirmed
2.787174,1.65,0.46,3804.0,confirmed
7.676984,2.3,0.465,3790.0,confirmed
7.676972,2.02,0.46,3804.0,confirmed
3.3557219,1.9149,0.56,3807.0,confirmed
3.355854,1.6,0.551,3860.0,confirmed
3.35585,1.59,0.49,4374.0,confirmed
10.367437,2.11,0.52,3779.0,confirmed
26.201446,2.26,0.7,4801.0,confirmed
26.197022,2.36213049,0.692258,4789.0,confirmed
26.19445485478,2.99459349,0.709927,4678.0,confirmed
7.187257,2.41,0.63,4599.0,confirmed
4.688418,3.26,0.85,5077.0,confirmed
4.688625,3.8,0.828,5220.0,confirmed
4.6886342,3.36071,0.87,4954.0,confirmed
12.550171,2.67,0.85,5077.0,confirmed
12.550896,2.6,0.828,5220.0,confirmed
9.032178,1.38,0.49,4385.0,confirmed
2.399964,1.32,0.619575,4402.71,confirmed
2.39991,1.08,0.601,4426.0,confirmed
2.3996463,1.52,0.67,4326.0,confirmed
2.39984,1.4,0.72,4680.0,confirmed
5.60906,1.69,0.601,4426.0,confirmed
5.6084,2.2,0.69,4523.0,confirmed
5.60912,2.09,0.72,4680.0,confirmed
5.608352,1.93,0.619575,4402.71,confirmed
5.6089465,2.17,0.67,4326.0,confirmed
4.163873,1.54,1.04,5789.0,confirmed
19.991944,2.74,1.04,5789.0,confirmed
7.806164,2.54,1.05,5769.0,confirmed
3.665912,1.37,0.95,5791.0,confirmed
8.236486,2.0,0.923,5930.0,confirmed
8.234885,1.92,0.95,5791.0,confirmed
14.871387,2.23,0.95,5791.0,confirmed
14.869943,4.4,0.923,5930.0,confirmed
3.793306,1.56,0.41,3669.0,confirmed
5.7385647,2.25,0.92,5790.0,confirmed
21.0267366,2.29,0.86,5568.0,confirmed
16.3488637,3.72,1.0,5794.0,confirmed
11.2510285,2.68,0.91,5650.0,confirmed
1.422647,1.45,0.75,4953.0,confirmed
1.422586,1.291,0.717,4836.0,confirmed
1.422619,1.46748911,0.745987,4944.0,confirmed
1.4226108,1.55,0.74,4886.0,confirmed
1.42266,1.32,0.74,4924.0,confirmed
1.422614,1.43,0.718,4916.0,confirmed
1.422614,1.43,0.718,4916.0,confirmed
5.340883,3.58036658,0.745987,4944.0,confirmed
5.3410507,3.12,0.726,4953.0,confirmed
5.340888,3.2,0.718,4916.0,confirmed
5.340786,2.41,0.717,4836.0,confirmed
5.34072,2.65,0.75,4953.0,confirmed
5.34059,2.8,0.74,4924.0,confirmed
5.340888,3.2,0.718,4916.0,confirmed
5.3408934,2.82,0.74,4886.0,confirmed
23.448172,2.906,1.051,5561.0,confirmed
23.446501,2.71,0.87,5484.0,confirmed
23.446873,2.89705396,0.986872,5869.0,confirmed
15.937378,1.84,0.7,4574.0,confirmed
15.937039,2.359,0.94,5601.0,confirmed
20.645099,2.413,0.625,4348.0,confirmed
20.643928,2.54,0.68,4396.0,confirmed
5.025831,1.72,0.72,4679.0,confirmed
5.025598,1.332,0.663,4663.0,confirmed
9.660186,1.361,0.663,4663.0,confirmed
20.201085,1.948,0.663,4663.0,confirmed
5.761612,1.313,0.881,5682.0,confirmed
5.761359,1.37311054,0.901705,5744.0,confirmed
5.7619248,1.37,0.83,5350.0,confirmed
4.44117,1.61,0.85,5413.0,confirmed
4.44118,1.66,0.87,5512.0,confirmed
4.4436649,1.5,0.72,4740.0,confirmed
4.443774,1.52572113,0.818403,5382.0,confirmed
4.4434,1.39,0.809,5352.0,confirmed
6.42966,2.41,0.809,5352.0,confirmed
6.42904,2.75,0.85,5413.0,confirmed
6.42973,2.65,0.87,5512.0,confirmed
6.4295023,2.5,0.72,4740.0,confirmed
6.429582,2.59811964,0.818403,5382.0,confirmed
14.09229,2.31,0.809,5352.0,confirmed
14.090907,2.33,0.72,4740.0,confirmed
14.090996,2.41175864,0.818403,5382.0,confirmed
14.0919,2.59,0.87,5512.0,confirmed
14.09189,2.73,0.85,5413.0,confirmed
2.1408063,2.59639,1.0,5372.0,confirmed
2.14084,3.207,0.971,5377.0,confirmed
2.14084,3.207,0.971,5377.0,confirmed
3.11489307594,12.11200864,0.74956,4973.0,confirmed
3.114905,13.024,0.736,4925.0,confirmed
9.844077,2.945,0.922,5479.0,confirmed
11.02066,2.061,1.486,6138.0,confirmed
4.521953,1.593,0.907,5789.0,confirmed
4.521953,1.593,0.907,5789.0,confirmed
16.43445,2.213,0.907,5789.0,confirmed
16.43445,2.213,0.907,5789.0,confirmed
14.460563,1.75532562,1.065474,5838.0,confirmed
14.453895,2.243,1.543,5822.0,confirmed
5.776475,1.736,1.149,5937.0,confirmed
5.776475,1.736,1.149,5937.0,confirmed
12.832235,1.693,0.691,4200.0,confirmed
2.060438,2.88,0.732,4823.0,confirmed
8.777247,2.181,0.751,4603.0,confirmed
4.01593,1.54,1.06,5731.0,confirmed
4.01593,1.655,1.141,5705.0,confirmed
4.01593,1.90553,1.38,5757.0,confirmed
4.01628,1.64,1.12,5758.0,confirmed
4.01668,1.55,0.924,5679.0,confirmed
4.01593,1.55,1.1,5757.0,confirmed
10.56103,2.29,1.06,5731.0,confirmed
10.56104,2.18,0.924,5679.0,confirmed
10.56103,2.49,1.141,5705.0,confirmed
10.56103,2.42,1.1,5757.0,confirmed
10.56098,2.41,1.12,5758.0,confirmed
9.401312,2.729,1.32,5911.0,confirmed
7.9389334,1.075,0.675,4473.0,confirmed
7.939256,1.08322371,0.645652,4661.0,confirmed
16.035054,2.05816745,0.645652,4661.0,confirmed
16.034656,2.0,0.675,4473.0,confirmed
26.804998,1.53157981,0.645652,4661.0,confirmed
26.803023,1.689,0.675,4473.0,confirmed
21.697619,2.77059123,0.88176,5570.0,confirmed
21.700156,2.072,0.811,5452.0,confirmed
1.865979,1.85861238,0.825125,5231.0,confirmed
1.865962,1.564,0.804,5129.0,confirmed
2.231527,1.076,0.348,3623.0,confirmed
4.194766,1.191,0.348,3623.0,confirmed
6.679582,1.392,0.348,3623.0,confirmed
9.715043,1.345,0.348,3623.0,confirmed
13.62749,2.222,0.348,3623.0,confirmed
2.380867,1.539,0.761,4844.0,confirmed
7.473223,2.32,0.97,5749.0,confirmed
28.735327,7.322,0.585,3572.0,confirmed
6.339069,3.66,0.897,5367.0,confirmed
6.339069,3.66,0.897,5367.0,confirmed
6.3392677,3.91968,0.93,5289.0,confirmed
6.33932,3.9,0.91,5310.0,confirmed
8.58289,2.33,1.094,5773.0,confirmed
8.584043,2.184,1.084,5782.0,confirmed
8.583566,2.118,1.084,5782.0,confirmed
20.851337,2.04,1.084,5782.0,confirmed
20.851337,2.04,1.084,5782.0,confirmed
4.60543,6.27704,2.97,4881.0,confirmed
4.6049829,1.67,0.74,4843.0,confirmed
4.60497,5.71,2.93,4912.0,confirmed
4.60808540736,7.04461252,3.12057,4911.0,confirmed
4.60547,6.4,3.08,4915.0,confirmed
4.60497,7.09,2.59,4993.0,confirmed
4.60543,8.2,3.88,4881.0,confirmed
3.312792,4.662,0.966,5558.0,confirmed
3.312792,4.662,0.966,5558.0,confirmed
3.3129214,4.28877,0.98,5512.0,confirmed
4.622654,1.371,0.566,5543.0,confirmed
4.622654,1.371,0.566,5543.0,confirmed
15.398723,1.85,1.058,5726.0,confirmed
15.398723,1.85,1.058,5726.0,confirmed
10.413181,2.352,1.071,5678.0,confirmed
5.095717,1.692,0.631,4938.0,confirmed
5.0957983,1.92318,0.7,4197.0,confirmed
4.803352,2.597,0.783,5007.0,confirmed
4.803352,2.597,0.783,5007.0,confirmed
8.491282,3.395,0.783,5007.0,confirmed
8.491282,3.395,0.783,5007.0,confirmed
0.673862,1.579,0.92,5236.0,confirmed
0.673862,1.579,0.92,5236.0,confirmed
25.76051,3.124,0.92,5236.0,confirmed
3.572326,2.417,0.966,5387.0,confirmed
3.572326,2.417,0.966,5387.0,confirmed
6.393025,2.274,1.239,5946.0,confirmed
6.393025,2.274,1.239,5946.0,confirmed
18.787839,5.098,1.239,5946.0,confirmed
18.787839,5.098,1.239,5946.0,confirmed
0.759978,6.049,1.541,5690.0,refuted
0.76001901813,7.29025894,1.65999,5690.2,refuted
0.759978,6.049,1.541,5690.0,refuted
10.00361,2.57,0.62,4077.0,confirmed
10.00329,2.37,0.6,4197.0,confirmed
10.0044,1.69,0.435,4044.0,confirmed
10.003417,2.1,0.569359,4014.73,confirmed
3.865053,1.163,0.382,3578.0,confirmed
3.865053,1.163,0.382,3578.0,confirmed
6.293099,2.262,0.675,4213.0,confirmed
6.293099,2.262,0.675,4213.0,confirmed
17.27474,2.678,1.28,5716.0,confirmed
17.27474,2.678,1.28,5716.0,confirmed
33.589979,5.333,0.886,5511.0,confirmed
33.589979,5.333,0.886,5511.0,confirmed
33.5920255,9.88421,0.91,5468.0,confirmed
13.115365,2.53,0.552,3748.0,confirmed
13.115365,2.53,0.552,3748.0,confirmed
3.4355113,4.18368,0.8,4870.0,confirmed
3.435471,4.569,0.765,4927.0,confirmed
3.435453,3.806,0.765,4927.0,confirmed
22.549406,4.602,0.961,5784.0,confirmed
22.549406,4.602,0.961,5784.0,confirmed
4.941907,1.283,0.927,5563.0,confirmed
4.941907,1.283,0.927,5563.0,confirmed
9.22453,1.36,0.927,5563.0,confirmed
9.22453,1.36,0.927,5563.0,confirmed
20.978959,1.677,0.784,5335.0,confirmed
20.978959,1.677,0.784,5335.0,confirmed
1.908084,2.482,1.228,5742.0,confirmed
1.908084,2.482,1.228,5742.0,confirmed
3.2141,0.9898,1.375,5711.0,confirmed
5.9382,2.116,0.977,5590.0,confirmed
0.8094,0.7599,0.7,4116.0,confirmed
5.3301,1.2327,0.7,4116.0,confirmed
4.3696,1.219,0.732,4343.0,confirmed
6.669,1.9287,0.732,4343.0,confirmed
4.01798053813,1.1017624,0.194357,3166.0,confirmed
4.0179694,1.015,0.1965,3173.0,confirmed
13.102,2.66,0.554,3746.0,confirmed
6.535,3.31,0.5776,3861.0,confirmed
20.35954,10.85,0.539092,3728.0,confirmed
20.35507390682,10.50799334,0.539092,3728.0,confirmed
20.35847252,10.55,0.541,3711.0,confirmed
6.6874352,2.79,0.69,4476.0,confirmed
6.68796,2.15,0.643,4613.0,confirmed
3.471149,4.51,0.542,3840.6,confirmed
3.471341,4.75,0.587449,3889.72,confirmed
3.471285,4.37,0.5,3720.0,confirmed
3.4712802624,4.2314265,0.563,3696.0,confirmed
3.47114,4.13,0.57,3939.0,confirmed
2.198884,2.42,0.542,3840.6,confirmed
5.657,2.433,1.58,5912.0,confirmed
5.65706,2.16,1.09,5989.0,confirmed
5.65688,2.72,1.58,5912.0,confirmed
5.656256,2.08,1.03,5840.0,confirmed
5.656304,2.93920584,1.561446,5722.0,confirmed
1.7292591,11.0,0.66,4271.0,confirmed
1.72926812424,12.6001269,0.766495,4377.0,confirmed
1.7292684,6.71,0.445,4103.0,confirmed
1.729257,10.44,0.685548,4262.1,confirmed
19.15344,2.04,1.12,6445.0,confirmed
19.1541,2.05,1.29,6256.0,confirmed
19.153765,2.65,1.32,6234.0,confirmed
19.15454,2.47140597,1.328888,6114.0,confirmed
31.6372,1.89,0.76,5054.0,confirmed
31.646306,2.53,0.73,4810.0,confirmed
20.5065,2.24,0.73,4899.0,confirmed
20.507693,2.78,0.72,4728.0,confirmed
2.7706297,3.36,0.67,4329.0,confirmed
2.77065,1.93,0.45,4175.0,confirmed
5.73597,1.5,0.462,4021.0,confirmed
5.73594,1.91,0.57,3930.0,confirmed
5.73491,1.92,0.52,4102.0,confirmed
5.7348462,2.4,0.62,4088.0,confirmed
10.93406,1.92,0.52,4102.0,confirmed
10.93241,2.26,0.57,3930.0,confirmed
10.9324,1.64,0.462,4021.0,confirmed
8.7529874,2.46,0.65,4252.0,confirmed
8.7529,1.59,0.546,4326.0,confirmed
13.008383,15.65133315,1.420548,5526.0,refuted
13.008278,8.68,0.71,4639.0,refuted
3.5353975,1.98,0.23,3260.0,confirmed
3.53482,11.1,1.49,6113.0,confirmed
3.535055,18.0,2.192,7147.0,confirmed
12.20772,2.6,0.807,5263.0,confirmed
12.207632,2.47,0.72,4684.0,confirmed
12.2054,2.5,0.85,5269.0,confirmed
9.7843,1.15,0.384,3798.0,confirmed
9.7833,2.6116925,0.643,3990.0,confirmed
2.849271,4.43,0.715,4300.0,confirmed
2.849274,4.38,0.715385,4299.98,confirmed
2.849282,4.75272,0.74,4279.0,confirmed
2.8492818,4.43,0.65,4237.0,confirmed
2.849258,3.82,0.63,4456.0,confirmed
9.0073,2.30905002,0.671,4413.0,confirmed
9.007156,2.53,0.68,4388.0,confirmed
9.0063,2.1,0.621,4434.0,confirmed
7.0525273,2.62,0.76,4998.0,confirmed
7.05254,2.68,0.86,5413.0,confirmed
7.052475,2.59425303,0.803348,5134.0,confirmed
2.53726,1.62,0.86,5413.0,confirmed
2.537071,1.62512091,0.803348,5134.0,confirmed
2.5370422,1.64,0.76,4998.0,confirmed
22.881145,1.78,0.76,4998.0,confirmed
22.88159,1.75221592,0.803348,5134.0,confirmed
22.8827,1.71,0.86,5413.0,confirmed
20.6921,2.41,0.731,5055.0,confirmed
20.698453,2.69,0.73,4775.0,confirmed
11.2954,2.3,0.731,5055.0,confirmed
11.295158,2.47,0.73,4775.0,confirmed
30.9349,2.5,1.01,5767.0,confirmed
30.944648,3.06,0.96,5710.0,confirmed
30.944593,2.31215242,0.86302,5617.0,confirmed
30.94191,2.5,0.96,5850.0,confirmed
3.0026215,14.0672,1.45,5630.0,confirmed
3.0026376,6.45,0.86,5425.0,confirmed
3.002627,9.9,1.47,5749.0,confirmed
3.00265,7.655747,1.12,5500.0,confirmed
2.573413,1.93284331,1.015751,5761.0,confirmed
2.5735352,1.94,0.95,5680.0,confirmed
2.57336,1.92,0.995,5748.0,confirmed
2.57302,2.48,1.36,6293.0,confirmed
6.67199,2.02,0.696,4455.0,confirmed
6.6717686,2.18,0.69,4500.0,confirmed
6.671774,1.92561267,0.647947,4636.0,confirmed
6.67202,2.14,0.73,4880.0,confirmed
16.1966,2.14,0.73,4880.0,confirmed
16.197189,2.11,0.69,4500.0,confirmed
16.197201,1.89069587,0.647947,4636.0,confirmed
16.19697,1.99,0.696,4455.0,confirmed
20.257,3.22,1.63,6771.0,confirmed
20.258209,2.08,0.95,5686.0,confirmed
25.4556,3.9,1.63,6771.0,confirmed
25.457815,2.99,0.95,5686.0,confirmed
6.5311178,2.85,0.82,5313.0,confirmed
6.53044,2.07,0.726,5312.0,confirmed
12.647815,1.38162499,0.668753,4799.0,confirmed
12.6475,1.58,0.84,5213.0,confirmed
12.647849,1.65,0.72,4711.0,confirmed
5.06939,2.75,1.79,5865.0,confirmed
5.0689232,2.93,1.59,6490.0,confirmed
5.06963,2.49,1.67,5887.0,confirmed
5.06965,2.49,1.71,5958.0,confirmed
24.387407,18.3,1.09,5931.0,refuted
8.054787,1.82830556,0.702294,4893.0,confirmed
8.0549321,2.01,0.72,4720.0,confirmed
8.05428,1.58,0.675,4746.0,confirmed
7.06599,2.32,0.491,4127.0,confirmed
7.0658874,3.07,0.61,4059.0,confirmed
28.6777,4.12,2.13,5715.0,confirmed
28.6781,4.03523305,1.533,5700.0,confirmed
28.67992,2.67,0.96,5772.0,confirmed
13.978518,2.75039475,0.798574,5131.0,confirmed
13.97876,2.77,0.77,5026.0,confirmed
13.97896,2.89,0.93,5622.0,confirmed
6.9862794,3.32,0.57,3891.0,confirmed
6.98541,2.15,0.426,4006.0,confirmed
5.57739,0.75,0.232,3497.0,confirmed
5.577212,1.08,0.330989,3360.47,confirmed
5.5773147,1.54,0.43,3563.0,confirmed
15.189034,1.16,0.330989,3360.47,confirmed
15.1871,0.86,0.232,3497.0,confirmed
7.760178,1.01,0.330989,3360.47,confirmed
7.7599,0.73,0.232,3497.0,confirmed
24.1669,0.82,0.232,3497.0,confirmed
24.158868,1.29,0.330989,3360.47,confirmed
7.495692,2.62539115,1.051008,5844.0,confirmed
7.4956613,4.74,1.77,6634.0,confirmed
7.49543,2.45,1.06,5922.0,confirmed
7.49556,2.58,1.058,5867.0,confirmed
19.565557,2.95906745,1.086156,5929.0,confirmed
19.565086,2.94,1.01,5804.0,confirmed
19.5666,2.31,0.98,6060.0,confirmed
7.8142,2.67,1.56,5995.0,confirmed
7.817949,2.54862479,1.238022,6022.0,confirmed
7.8173399,2.16,1.01,5800.0,confirmed
18.286069,2.62624197,1.238022,6022.0,confirmed
18.283257,2.31,1.01,5800.0,confirmed
18.311,2.77,1.56,5995.0,confirmed
11.989686,9.01,0.96,5700.0,refuted
8.199796,2.3,0.76,4970.0,confirmed
8.20075,2.47,0.83,5297.0,confirmed
8.2000844,2.4996027,0.792,5160.0,confirmed
8.199814,2.49801045,0.783982,5070.0,confirmed
8.20008746059,2.79975419,0.793476,4865.6,confirmed
2.294185,1.95611,0.707445,5062.0,refuted
10.993948,3.14685573,1.038427,5839.0,confirmed
10.9947,4.09,1.265,5897.0,confirmed
10.99497,3.99,1.247,5853.0,confirmed
21.99036193738,4.60346552,1.33417,5294.0,confirmed
10.994748,4.05,1.247,5926.0,confirmed
10.99573,3.69,1.28,5926.0,confirmed
10.3535,3.32,0.8,5147.0,confirmed
10.353263,3.09,0.73,4797.0,confirmed
10.35176,2.97,0.74,4890.0,confirmed
10.35239,3.58,0.74,4870.0,confirmed
5.0639064,2.46,0.73,4797.0,confirmed
5.06416,2.41,0.74,4870.0,confirmed
5.06408,2.44,0.8,5147.0,confirmed
19.09995,2.11327433,0.841458,5377.0,confirmed
19.0918,2.01,0.87,5441.0,confirmed
5.605309,1.48914397,0.841458,5377.0,confirmed
5.605,1.47,0.87,5441.0,confirmed
28.867253,2.55211506,0.841458,5377.0,confirmed
6.10224,1.82,0.631,4530.0,confirmed
6.102325,1.97,0.634663,4674.13,confirmed
2.747227,1.71,0.547001,3875.75,confirmed
2.74697,1.244,0.424,3910.0,confirmed
9.99767,1.483,0.424,3910.0,confirmed
9.997442,2.11,0.547001,3875.75,confirmed
6.4215,2.41,0.93,5652.0,confirmed
27.86,2.03,0.93,5652.0,confirmed
0.684533,1.01,0.507,4268.0,confirmed
0.684559,1.2,0.68,4427.0,confirmed
0.684557,1.37,0.675849,4376.21,confirmed
0.684575,1.4,0.71,4462.0,confirmed
0.684553,1.27572042,0.646851,4441.0,confirmed
0.68453862616,1.4,0.71,4232.0,confirmed
8.775864,1.97521161,0.721964,5129.0,confirmed
8.77683,1.96,0.76,5482.0,confirmed
9.726618,7.6,1.401,5747.0,confirmed
9.72739,4.6,0.93,5406.0,confirmed
9.72665,7.23871,1.45,5583.6,confirmed
4.61228,2.3,0.459539,3624.15,confirmed
4.6122,1.23,0.256,3537.0,confirmed
1.096026,0.615,0.318,3691.0,confirmed
1.095979,1.08,0.535057,3677.0,confirmed
18.4474,5.6,0.468,4052.0,confirmed
18.44883,1.6,0.25,3468.0,confirmed
18.448653,3.33,0.52,3765.0,confirmed
18.4498,2.25,0.31,3390.0,confirmed
13.734907,2.53,0.634754,4421.98,confirmed
13.7311,2.04,0.494,4136.0,confirmed
13.733314,2.6,0.619,4484.0,confirmed
2.900706,1.3,0.634754,4421.98,confirmed
2.90032,1.02,0.494,4136.0,confirmed
1.419604,1.22,0.32067,3488.9,confirmed
1.419549,1.1,0.284,3622.0,confirmed
10.134016,3.88,0.42,3548.0,confirmed
10.13389,3.47,0.402,3471.0,confirmed
10.135091,3.7,0.44,3410.0,confirmed
10.1346454,3.31,0.4,3566.0,confirmed
8.405276,8.04276104,2.949151,4836.0,confirmed
8.4071591,10.1248,4.71,4642.6,confirmed
8.406726,10.61,4.47,4717.0,confirmed
8.4061,14.68379,4.2,4790.0,confirmed
8.407115,13.45077684,4.14,4673.0,confirmed
8.4061,14.68379,4.2,4790.0,confirmed
10.13675,4.3,1.311,6120.0,confirmed
10.136796,5.00805298,1.5082,6095.0,confirmed
10.13693,4.93,1.565,6103.0,confirmed
10.136448,5.2,1.57,6172.0,confirmed
10.1367283,5.44119,1.51,6283.0,confirmed
10.1367349,5.06645928,1.518,6260.0,confirmed
18.249,14.45961,3.1,5990.0,confirmed
18.251985,11.73,2.63,6217.0,confirmed
18.248708,10.53585955,2.276457,6033.0,confirmed
18.24783,11.88151954,2.55,6069.0,confirmed
18.24901,12.37,2.66,6053.0,confirmed
1.33711647,14.056,0.776,4645.0,confirmed
1.337116553,12.89035,0.713,4645.0,confirmed
1.3371182,12.823,0.713,4645.0,confirmed
1.33711647,14.056086,0.776,4645.0,confirmed
1.51087081,1.086,0.117,2559.0,confirmed
1.510826,1.116,0.1192,2566.0,confirmed
1.51094471179,1.20389172,0.114827,5780.0,confirmed
1.510848,1.113,0.117,2550.0,confirmed
2.421937,1.097,0.1192,2566.0,confirmed
2.421848,1.049,0.117,2550.0,confirmed
2.4218233,1.056,0.117,2559.0,confirmed
4.04961,0.772,0.117,2559.0,confirmed
4.049219,0.788,0.1192,2566.0,confirmed
6.101013,0.92,0.1192,2566.0,confirmed
6.099615,0.918,0.117,2559.0,confirmed
9.20754,1.045,0.1192,2566.0,confirmed
9.20669,1.045,0.117,2559.0,confirmed
12.35294,1.127,0.117,2559.0,confirmed
12.352446,1.129,0.1192,2566.0,confirmed
18.772866,0.755,0.1192,2566.0,confirmed
20.0,0.755,0.117,2559.0,confirmed
24.13861,10.22,1.314,4970.0,confirmed
24.1399,9.72939525,1.278,5050.0,confirmed
8.24892,5.15613112,1.278,5050.0,confirmed
12.4058,6.43395492,1.278,5050.0,confirmed
53.5,9.97599282,1.43,4941.0,confirmed
40.2,8.23860081,1.278,5050.0,confirmed
5.72149,10.53646,0.66,4430.0,confirmed
5.7214742,10.55,0.67,4425.0,confirmed
5.72226,12.8433,0.73,4233.2,confirmed
5.7214742,10.626132,0.66,4430.0,confirmed
4.0460644,18.2851,1.81,6404.0,confirmed
4.0460435,16.14096,1.696,6410.0,confirmed
4.53346998242,13.22170304,1.1971,5846.0,confirmed
4.533471,12.66617,1.14,5871.0,confirmed
3.40883,13.597,1.094,6150.0,confirmed
3.40883,13.596517,1.094,6150.0,confirmed
3.408833,14.2632,1.11,6134.0,confirmed
3.40884,15.177,1.123,6084.0,confirmed
4.1591492,12.64,1.137,5552.0,confirmed
4.159152,12.251,1.144,5476.0,confirmed
4.1591287,12.77,1.15,5576.0,confirmed
4.1591282,12.71,1.11133,5576.0,confirmed
4.159221,12.3,1.1,5950.0,confirmed
4.16071,12.9,1.16,5576.0,confirmed
4.1591399,12.89,1.15,5350.0,confirmed
4.1591739,10.5,0.86,5427.0,confirmed
4.1591289,12.63,1.137,5552.0,confirmed
4.1591488,12.1616,1.11,5576.0,confirmed
9.03055,3.567,1.137,5552.0,confirmed
9.03077,3.576,1.137,5552.0,confirmed
9.03081,3.63,1.15,5576.0,confirmed
9.095,3.71,1.16,5576.0,confirmed
9.0305419,3.06,0.86,5427.0,confirmed
9.03101,3.58,1.144,5476.0,confirmed
9.028052,3.3,1.1,5565.0,confirmed
9.03164,3.18,1.1,5950.0,confirmed
9.03079,3.6,1.11133,5576.0,confirmed
0.78961301,1.5,0.86,5427.0,confirmed
0.789597,1.829,1.15,5576.0,confirmed
0.789693,1.79,1.15,5565.0,confirmed
0.79,1.773,1.125,5552.0,confirmed
0.789655,1.8,1.1,5565.0,confirmed
0.789518,1.64,1.1,5950.0,confirmed
0.7895933,1.808,1.137,5552.0,confirmed
0.78957,1.79,1.144,5476.0,confirmed
0.789636,1.82,1.16,5576.0,confirmed
0.789592,1.81,1.137,5552.0,confirmed
0.789593,1.817,1.11133,5576.0,confirmed
4.465633,14.572,1.06,5960.0,confirmed
4.46563432994,14.64677635,1.09036,6070.0,confirmed
4.4656291,14.964015,1.102,6070.0,confirmed
4.46563,14.90797,1.09,5900.0,confirmed
4.465633,14.5717,1.06,5900.0,confirmed
2.4841905,15.6,1.39,6090.0,confirmed
2.484193,14.235,1.26,6100.0,confirmed
2.4841939,11.8,1.13,5994.0,confirmed
2.4841975,13.3413,1.28,6089.0,confirmed
2.484193,14.23543,1.26,6100.0,confirmed
6.00127,2.043,0.689,4716.0,confirmed
6.00118,2.03,0.69,4716.0,confirmed
6.00127,2.043,0.689,4716.0,confirmed
